date,CPI,CPI_yoy,CPI_mom,coreCPI,coreCPI_yoy,coreCPI_mom,PCE,PCE_yoy,PCE_mom,corePCE,corePCE_yoy,corePCE_mom,PPI,PPI_yoy,PPI_mom,unemployment,unemployment_yoy,unemployment_mom,Nonfarm,Nonfarm_yoy,Nonfarm_mom,GDP,GDP_mom,retail,retail_yoy,retail_mom,industrial production,industrial production_yoy,industrial production_mom,OECD leading,OECD leading_yoy,OECD leading_mom,consumer sentiment,consumer sentiment_yoy,consumer sentiment_mom,initial claims,continued claims,interest rate,interest rate fluctuation
1993-04-01,143.8,3.1563845050215145,0.3489183531053763,151.4,3.4859876965140035,0.3978779840848823,4393.4,6.339102021057719,0.9396898334290472,64.733,2.557074731855713,0.266414708570184,119.3,2.579535683576961,0.5054759898904804,7.1,-4.054054054054069,1.4285714285714235,110295.0,1.6403262221812651,0.2754745799694591,2.3,228.57142857142856,2.6,333.33333333333337,-425.0,65.0423,3.3731776433211014,0.276892574623,99.90348,0.3078510398971446,-0.1206907928281264,85.6,10.880829015544036,-0.3492433061699773,354750.0,2775500.0,2.96,-0.1099999999999998
1993-07-01,144.5,2.8469750889679624,0.1386001386001201,152.3,3.1842818428184483,0.1314924391847549,4468.9,6.280917047184165,0.650900900900897,65.059,2.416409545998355,0.160110845970296,119.2,1.1026293469041493,-0.2510460251045954,6.9,-10.389610389610382,-1.4285714285714235,111060.0,2.078144100589152,0.2790042527832659,1.9,-17.391304347826086,1.5,114.28571428571428,-850.0,65.1142,2.1642807383093654,0.2565144824443033,99.58023,-0.1210921138572684,-0.064810199347054,77.0,0.5221932114882533,-5.521472392638039,350800.0,2782800.0,3.06,0.02
1993-10-01,145.6,2.752293577981657,0.4137931034482678,153.4,3.091397849462352,0.3270111183780289,4532.8,5.790370387658417,0.472126787099647,65.443,2.353842785198146,0.3142340353781581,119.1,0.8467400508044065,0.3369839932603202,6.8,-6.849315068493156,1.49253731343284,111734.0,2.3814541622760865,0.2512247205124884,5.6,194.73684210526315,0.6,-14.28571428571428,0.0,65.863,2.8823233538172177,0.7466168208287938,99.85351,0.0401649397445913,0.1676357055726773,82.7,12.824010914051854,6.161745827984588,349800.0,2825000.0,2.99,-0.0999999999999996
1994-01-01,146.3,2.450980392156854,0.0,154.5,2.931379080612939,0.1296176279973915,4585.1,5.630428271937715,0.3062720133009566,65.604,1.977243051669464,0.0335457900033642,119.1,0.9322033898305104,0.4215851602023646,6.6,-9.589041095890416,1.538461538461533,112598.0,2.5529395691971324,0.2439371817243074,3.9,-30.35714285714285,-0.7,-158.33333333333334,-177.77777777777777,66.7591,3.3206682813962995,0.3095272797210002,100.521,0.3993160289728736,0.2195396248085845,94.3,5.599104143337064,6.916099773242634,359200.0,2709600.0,3.05,0.0899999999999998
1994-04-01,147.2,2.364394993045882,0.0679809653296947,155.5,2.7080581241743618,0.1287830006439172,4671.1,6.320844903719225,0.5402496771416354,66.015,1.980442741723687,0.1182947358842501,119.7,0.3352891869237373,0.0,6.4,-9.859154929577452,-1.538461538461533,113587.0,2.984722788884353,0.3064288237371926,5.5,41.02564102564104,0.0,-100.0,-100.0,67.8707,4.348554709781172,0.5932972088501076,100.9213,1.0188033489924475,0.0850890807305049,92.6,8.177570093457941,1.2021857923497192,344000.0,2736600.0,3.56,0.2200000000000002
1994-07-01,148.4,2.69896193771626,0.3380662609871576,156.7,2.8890347997373444,0.1918158567774774,4720.6,5.632258497616882,0.2484656713882316,66.481,2.185708357029758,0.3153669724770491,120.7,1.2583892617449743,0.1659751037344392,6.1,-11.594202898550732,0.0,114607.0,3.1937691338015384,0.3238880572844271,2.4,-56.36363636363637,0.3,-80.0,-75.0,68.7317,5.5556238117031365,0.1263019884915284,100.9255,1.350940844382453,-0.0313004236452862,89.0,15.58441558441559,-2.412280701754388,342200.0,2659600.0,4.26,0.0099999999999997
1994-10-01,149.4,2.609890109890123,0.0669792364367038,157.8,2.8683181225554133,0.1904761904762075,4812.9,6.1794034592304925,0.7937172774868939,66.821,2.1056491908989505,0.1693949751154333,120.9,1.5113350125944611,-0.082644628099171,5.8,-14.70588235294118,-1.6949152542372947,115458.0,3.332915674727488,0.1778695565408217,4.7,95.83333333333334,0.9,50.0,12.5,69.9576,6.216844055084048,0.8129003436921245,100.7366,0.8843855363722231,-0.0807395504771046,92.7,12.091898428053206,1.3114754098360717,333400.0,2574000.0,4.76,0.0299999999999993
1995-01-01,150.5,2.8708133971291794,0.2664890073284409,159.0,2.9126213592233,0.4421983575489507,4851.2,5.803581165078176,0.1982815598149168,67.127,2.321504786293516,0.2030123449418441,122.9,3.1905961376994307,0.8203445447087843,5.6,-15.151515151515149,1.818181818181808,116504.0,3.4689781346027404,0.2823302575402753,1.4,-70.2127659574468,0.4,-157.14285714285717,-20.0,71.2635,6.747244944883901,0.1914876566381451,100.2097,-0.3096865331622234,-0.2291917853363023,97.6,3.499469777306463,2.628811777076767,333500.0,2512500.0,5.53,0.08
1995-04-01,151.8,3.125000000000022,0.3968253968254176,160.4,3.151125401929256,0.3126954346466482,4890.2,4.6905439832159335,0.0982519343349697,67.547,2.320684692872832,0.2627282173073952,124.6,4.093567251461971,0.5649717514124131,5.8,-9.37500000000001,7.407407407407396,117065.0,3.0619701198200566,0.135150162094666,1.2,-14.28571428571428,0.4,inf,-55.55555555555556,71.1538,4.837286192716461,-0.1764880835470439,99.32603,-1.5807069468982249,-0.2900968438390938,92.5,-0.1079913606911397,2.436323366555926,350200.0,2519400.0,6.05,0.0699999999999994
1995-07-01,152.6,2.8301886792452717,0.1312335958005173,161.4,2.999361837906833,0.1862197392923814,4970.2,5.287463458034991,-0.1466599698643933,67.802,1.9870338893819504,0.1255223946719619,125.3,3.81110190555094,0.0,5.7,-6.5573770491803245,1.7857142857143016,117377.0,2.4169553343164063,0.0775881179339466,3.5,191.66666666666669,-0.3,-200.0,-125.0,71.4334,3.9307917598429887,-0.4172434607926156,98.85793,-2.048610113400473,-0.088745609462304,94.4,6.067415730337089,1.833872707659112,371400.0,2622800.0,5.85,-0.1500000000000003
1995-10-01,153.5,2.7443105756358666,0.2612671456564408,162.7,3.10519645120404,0.3082614056720167,5013.9,4.176276257557809,-0.1314610098595792,68.171,2.0203229523652944,0.2588425619530765,125.3,3.639371381306855,0.0798722044728306,5.5,-5.172413793103448,-1.7857142857142794,118029.0,2.22678376552512,0.1263997285374962,2.7,-22.85714285714285,-0.4,-144.44444444444443,-300.0,72.5336,3.6822303795441824,-0.1661291898758854,98.71662,-2.005209625895654,-0.0400582525569626,90.2,-2.696871628910469,1.462317210348707,371500.0,2663250.0,5.76,-0.04
1996-01-01,154.7,2.7906976744185963,0.5198180636777128,163.7,2.955974842767284,0.3678724708767511,5085.7,4.833855540897103,-0.231486022560079,68.452,1.973870424717328,0.2225475841874047,126.3,2.766476810414975,0.4773269689737347,5.6,0.0,0.0,118318.0,1.5570280848726137,-0.005915909571097,3.0,11.111111111111091,-0.8,-300.0,-200.0,72.5712,1.8350207329137724,-0.5380750454334948,98.77291,-1.433783356301832,0.060589729225402,89.3,-8.504098360655732,-1.8681318681318728,374000.0,2648750.0,5.56,-0.04
1996-04-01,156.1,2.832674571805005,0.385852090032146,164.6,2.618453865336656,0.1216545012165282,5208.0,6.498711709132565,0.6707517445344369,68.973,2.11112262572728,0.2995622900519246,127.4,2.2471910112359605,0.7911392405063333,5.6,-3.4482758620689724,1.818181818181808,119156.0,1.786187160978936,0.1395075216404695,6.8,126.66666666666666,0.4,0.0,-55.55555555555556,74.2491,4.350154173072962,0.999808200059582,99.19447,-0.1324526914042612,0.1610238804462982,92.7,0.216216216216214,-1.067235859124871,359250.0,2633500.0,5.22,-0.0899999999999998
1996-07-01,157.0,2.8833551769331667,0.191448627951507,165.7,2.664188351920682,0.1813784764207904,5251.9,5.66777996861294,0.4225783012734574,69.237,2.11645674168901,0.2113155114269682,128.0,2.154828411811649,0.0,5.5,-3.508771929824561,3.773584905660377,120016.0,2.248310997895664,0.2053936712031356,3.6,-47.05882352941176,0.1,-133.33333333333334,-200.0,75.3738,5.516187105751635,0.0015920904944177,99.54958,0.6996403829212294,0.0851657474644218,94.7,0.3177966101694851,2.4891774891774965,337000.0,2490000.0,5.4,0.1300000000000007
1996-10-01,158.2,3.0618892508143203,0.3170577045022105,166.8,2.519975414874009,0.1801801801801783,5328.5,6.274556732284253,0.6022731563644523,69.709,2.2560912998195626,0.3021626210449213,128.0,2.154828411811649,-0.1560062402496065,5.2,-5.454545454545457,0.0,120663.0,2.2316549322624057,0.2167738077440528,4.2,16.666666666666675,0.8,-300.0,-38.46153846153846,76.2157,5.076405969095688,-0.0190213327526334,99.74556,1.0423168864574173,0.0652685329628255,96.5,6.984478935698446,1.9007391763463444,339000.0,2460250.0,5.24,-0.0599999999999996
1997-01-01,159.4,3.0381383322559907,0.188560653676939,167.8,2.504581551618834,0.2389486260454099,5411.1,6.398332579585908,0.6042464581861529,70.005,2.268743060830936,0.1301599107474738,129.7,2.692003167062551,0.4647560030983655,5.3,-5.357142857142849,-1.85185185185186,121363.0,2.573572913673328,0.1799496471170947,2.6,-38.095238095238095,0.7,-187.5,39.99999999999999,77.5135,6.810277355204253,0.1761500803854288,99.99177,1.2340023190569038,0.0931042587515529,97.4,9.070548712206053,0.5159958720330149,339000.0,2487750.0,5.25,-0.04
1997-04-01,159.9,2.434336963484962,0.0625782227784643,168.9,2.612393681652492,0.2969121140142583,5459.3,4.825268817204309,0.0935059220417366,70.294,1.9152421962217003,0.0982556069775819,127.0,-0.3139717425431731,-0.2356637863314969,5.1,-8.92857142857143,-1.9230769230769384,122284.0,2.625130081573745,0.2418250825894086,6.8,161.53846153846155,-0.7,-275.0,-333.33333333333337,78.9848,6.378124448646516,0.0824889096131986,100.3569,1.171869762497857,0.1275078794481743,101.4,9.385113268608425,1.4000000000000012,327000.0,2324250.0,5.51,0.1200000000000001
1997-07-01,160.4,2.165605095541401,0.1248439450686644,169.7,2.4140012070005934,0.1770956316410776,5548.8,5.6531921780689,0.9937752539041168,70.394,1.6710718257579191,0.0596997953149935,126.9,-0.8593749999999956,-0.2358490566037763,4.9,-10.9090909090909,-1.999999999999991,123112.0,2.579656045860545,0.2410109431995932,5.1,-25.0,1.2,1099.9999999999998,-14.28571428571428,80.4666,6.7567244851659325,0.8390029211587935,100.7142,1.1698894159071216,0.1065532219427956,107.1,13.093980992608234,2.4880382775119614,320250.0,2269500.0,5.52,-0.04
1997-10-01,161.5,2.0859671302149163,0.1861042183622929,170.6,2.278177458033559,0.2350176263219872,5637.7,5.802758750117287,0.6426620490208368,70.712,1.4388386004676512,0.1302747097139622,127.8,-0.1562500000000022,0.2352941176470668,4.7,-9.615384615384617,-4.081632653061229,123923.0,2.7017395556218515,0.2799873762917126,3.5,-31.37254901960784,-0.2,-125.0,-150.0,82.7656,8.593898632434005,0.8934242076635401,100.8702,1.1275088334758987,0.0269726208065979,105.6,9.430051813471495,-0.3773584905660376,310000.0,2215500.0,5.5,-0.04
1998-01-01,162.0,1.6311166875784044,0.1236093943139504,171.6,2.264600715137055,0.233644859813098,5689.9,5.152371976123149,-0.0386500588535065,70.736,1.0442111277765953,0.0495042502935083,125.4,-3.3153430994602773,-1.1041009463722329,4.6,-13.20754716981133,-2.1276595744680997,124813.0,2.842711534817033,0.2103555973055115,4.1,17.142857142857125,0.2,-71.42857142857142,-33.33333333333333,84.1564,8.569991033819925,0.4444762723192941,100.7889,0.7971956091986421,-0.0464121337978573,106.6,9.445585215605746,4.407443682664058,321200.0,2275200.0,5.56,0.0599999999999996
1998-04-01,162.2,1.4383989993745905,0.123456790123444,172.5,2.131438721136769,0.1742160278745741,5788.1,6.022750169435653,0.6573570074604795,70.798,0.7169886476797505,0.1244519869891158,124.9,-1.6535433070866137,0.1603849238171584,4.3,-15.68627450980392,-8.510638297872353,125445.0,2.5849661443851923,0.2245054488511089,3.8,-7.317073170731703,1.2,-271.42857142857144,100.0,84.6339,7.152135600773812,0.3460909155580838,100.5117,0.1542494835930608,-0.1239114276742725,108.7,7.199211045364895,2.0657276995305285,311000.0,2182500.0,5.45,-0.04
1998-07-01,163.2,1.74563591022443,0.245700245700231,173.5,2.2392457277548683,0.173210161662829,5890.0,6.149077277970005,0.3116644242723509,71.01,0.8750745802199145,0.2470530105174173,124.9,-1.5760441292356209,0.0801282051282159,4.5,-8.163265306122458,0.0,126209.0,2.5155955552667475,0.1046979226980271,5.1,34.210526315789465,-0.7,-158.33333333333334,-187.5,84.3445,4.819266627395713,-0.3972560518369472,100.0065,-0.702681449090603,-0.1709959691668205,105.2,-1.7740429505135324,-0.3787878787878673,333000.0,2333750.0,5.54,-0.0199999999999995
1998-10-01,163.9,1.4860681114551078,0.244648318042806,174.4,2.2274325908558046,0.1148105625717654,5998.8,6.405094276034551,0.556524071342368,71.223,0.7226496209978395,0.2195111655198589,124.0,-2.9733959311424085,0.1615508885298933,4.5,-4.255319148936176,-2.1739130434782483,126950.0,2.4426458365275128,0.1617420805554381,6.6,29.41176470588236,1.7,-950.0,88.88888888888889,86.591,4.621968547319155,0.6845165768822437,99.77876,-1.0820242251923795,0.0016436633969663,97.4,-7.765151515151503,-3.468780971258667,310600.0,2164400.0,5.07,-0.4399999999999995
1999-01-01,164.7,1.6666666666666607,0.1824817518248034,175.6,2.331002331002341,0.1140250855188096,6073.9,6.748800506160047,0.0560085660159748,71.398,0.9358742365980444,0.1402563886784946,122.9,-1.9936204146730476,0.0814332247557114,4.3,-6.521739130434778,-2.272727272727282,127704.0,2.3162651326384287,0.0830734024044321,3.8,-42.42424242424242,0.1,-50.0,-88.88888888888889,87.2205,3.640958976382058,0.41330163536204,100.2065,-0.5778414091234141,0.1851605608005568,103.9,-2.5328330206378924,3.383084577114426,326200.0,2287200.0,4.63,-0.0499999999999998
1999-04-01,165.9,2.281134401972884,0.6674757281553312,176.3,2.202898550724641,0.3414911781445706,6199.5,7.107686460150986,1.084298059677158,71.757,1.3545580383626632,0.4831120820030232,123.6,-1.040832666132918,0.815660685154973,4.3,0.0,2.3809523809523725,128595.0,2.5110606241779188,0.2822986282782214,3.4,-10.526315789473683,0.7,-41.66666666666666,39.99999999999999,88.1082,4.105092640183194,0.2226077065263787,100.7134,0.2006731554634822,0.1478650063093667,104.6,-3.771849126034965,-1.040681173131508,308500.0,2237500.0,4.74,-0.0699999999999994
1999-07-01,166.7,2.1446078431372584,0.4216867469879481,177.1,2.074927953890482,0.2831257078142801,6287.6,6.750424448217318,0.4360813379550521,72.017,1.4181101253344377,0.2659204187898556,125.7,0.6405124099279291,0.3993610223642196,4.3,-4.444444444444451,0.0,129423.0,2.54656957903161,0.2595128904313348,5.4,58.82352941176472,0.8,-214.28571428571436,166.66666666666669,89.1098,5.6498052629395,0.5864073154735916,101.0074,1.0008349457285348,0.0688542163052696,106.0,0.7604562737642651,-1.2115563839701693,298000.0,2193200.0,4.99,0.2300000000000004
1999-10-01,168.1,2.56253813300793,0.1787842669844996,178.1,2.1215596330275144,0.168728908886373,6411.4,6.878042275121676,0.3898849134893911,72.529,1.8336773233365689,0.1684919966301601,127.7,2.9838709677419306,-0.2343749999999977,4.1,-8.888888888888902,-2.3809523809523947,130179.0,2.543521071287902,0.3066704679421494,6.7,24.07407407407407,0.2,-88.23529411764706,-50.0,90.2709,4.249748819161359,1.2795858652042469,101.148,1.3722760234743392,0.0452017412066796,103.2,5.954825462012314,-3.731343283582089,290400.0,2102800.0,5.2,-0.0199999999999995
2000-01-01,169.3,2.792956891317555,0.2962085308056972,179.3,2.1070615034168627,0.3357582540570947,6542.9,7.721562752103273,0.0290475462467521,72.961,2.1891369506148672,0.2721163228563972,128.3,4.393816110659077,0.3912363067292812,4.0,-6.976744186046513,0.0,131009.0,2.588016037085761,0.1743372508238971,1.5,-77.61194029850746,-0.7,-799.9999999999999,-138.88888888888889,91.4092,4.802426035163743,-0.0756462727813267,101.2235,1.0149042227799443,-0.0048405388211159,112.0,7.79595765158807,6.261859582542684,288400.0,2109800.0,5.45,0.1500000000000003
2000-04-01,170.9,3.013863773357439,-0.0584795321637354,180.3,2.2688598979013097,0.1666666666666705,6679.1,7.736107750625054,-0.1106707545053375,73.444,2.350990147302689,-0.0829875518672085,130.7,5.744336569579289,-0.0764525993883991,3.8,-11.627906976744184,-5.000000000000004,131883.0,2.556864574827955,0.2119996352694553,7.5,400.0,-1.5,-314.2857142857143,-225.0,92.6659,5.172844298260548,0.6330158661207674,100.9746,0.2593497985372339,-0.1044714988692296,109.2,4.397705544933084,1.9607843137255052,271600.0,2015400.0,6.02,0.1699999999999999
2000-07-01,172.7,3.5992801439711952,0.2903600464576161,181.5,2.4844720496894457,0.2208724461623346,6768.5,7.648387301991222,0.3201470304880827,73.939,2.668814307732892,0.2508338530791354,133.7,6.364359586316626,-0.0747384155456054,4.0,-6.976744186046513,0.0,132228.0,2.1673118379268,0.1272149023171298,0.4,-94.66666666666669,-0.3,-137.5,-142.85714285714286,92.8373,4.183041595873838,-0.1768782969791993,100.5336,-0.4690745430532828,-0.1622689851733416,108.3,2.169811320754711,1.7857142857142794,295000.0,2085600.0,6.54,0.0099999999999997
2000-10-01,173.9,3.4503271861986877,0.1728110599078514,182.6,2.5266704098820814,0.1645639056500281,6893.8,7.524097700970156,0.0754870365531346,74.353,2.5148561265149194,0.1360232721004051,135.4,6.029757243539557,0.5196733481811489,3.9,-4.878048780487799,0.0,132352.0,1.6692400463976576,-0.0037776619294827,2.4,499.9999999999999,-0.2,-200.0,-111.76470588235294,92.64,2.624433787632552,-0.3685631843342807,99.84575,-1.2874698461660117,-0.2707337829415235,105.8,2.519379844961245,-0.9363295880149836,301000.0,2116250.0,6.51,-0.0099999999999997
2001-01-01,175.6,3.7212049616065945,0.572737686139746,183.9,2.5655326268823275,0.3273322422258529,6987.4,6.793623622552691,0.5063145479128783,74.932,2.7014432367977514,0.4841023990559412,140.0,9.119251753702253,2.7900146842878115,4.2,5.000000000000004,7.692307692307709,132699.0,1.2899877107679592,-0.0143160686568499,-1.3,-154.16666666666669,1.1,-257.1428571428572,-1200.0,91.8908,0.5268616288075956,-0.4926055030174625,98.90028,-2.2951389746452056,-0.3064383915693969,94.7,-15.446428571428571,-3.760162601626016,340000.0,2395750.0,5.98,-0.4199999999999999
2001-04-01,176.4,3.2182562902282053,0.1703577512776943,185.1,2.66222961730449,0.2165674066053169,7004.2,4.867422257489773,0.1071933911701128,75.187,2.373236751810892,0.175871027912855,136.4,4.361132364192821,0.3679175864606421,4.4,15.789473684210533,2.3255813953488413,132455.0,0.4337177649886614,-0.2229738382385049,2.5,-292.30769230769226,1.6,-206.66666666666663,-300.0,90.7384,-2.080053180296093,-0.3515322567360535,98.43899,-2.511136464021635,-0.07774404820029,88.4,-19.047619047619047,-3.3879781420764976,396750.0,2697250.0,4.8,-0.5099999999999998
2001-07-01,177.4,2.7214823393167498,-0.1688238604389269,186.4,2.6997245179063434,0.2150537634408644,7082.3,4.636182315136295,0.1782253843868986,75.493,2.1017325092305805,-0.0331046902725229,133.4,-0.2243829468960179,-1.5498154981549828,4.6,14.999999999999991,2.2222222222222143,132173.0,-0.0415948210666372,-0.0929733325270576,-1.6,-164.0,-0.3,0.0,-25.00000000000001,89.2352,-3.880013744475541,-0.6080344304090657,98.35278,-2.1692449091646915,-0.0411003928929121,92.4,-14.68144044321329,-0.2159827213822795,398000.0,3030750.0,3.77,-0.2000000000000001
2001-10-01,177.6,2.127659574468077,-0.2807411566535633,187.4,2.6286966046002336,0.1603420630678753,7212.9,4.628796889959075,2.9384900813472115,75.492,1.531881699460702,0.3522671381285924,130.3,-3.766617429837516,-2.2505626406601698,5.3,35.897435897435905,6.000000000000005,131452.0,-0.6800048355899424,-0.2375441126247435,1.1,-168.75,6.7,-3450.0,-452.6315789473685,88.4051,-4.571351468048357,-0.3042574618071114,98.30439,-1.543741220833128,0.0462858788073283,82.7,-21.833648393194704,1.1002444987775029,480750.0,3527500.0,2.49,-0.5799999999999996
2002-01-01,177.7,1.1958997722095743,0.1691093573844337,188.7,2.610114192495905,0.1592356687897922,7184.6,2.822222858287793,0.2497662801568489,75.431,0.6659371163187933,0.0902299536907902,128.5,-8.214285714285719,0.3122560499609683,5.7,35.71428571428572,0.0,130853.0,-1.3911182450508264,-0.1000122152323923,3.4,209.09090909090904,-0.1,-109.09090909090908,-91.66666666666666,88.4634,-3.729861966595138,0.6961724176397066,98.9692,0.0696863547807957,0.2793598645665529,93.0,-1.795142555438234,4.729729729729737,408500.0,3550500.0,1.73,-0.09
2002-04-01,179.3,1.643990929705219,0.4481792717086819,189.7,2.485143165856285,0.2642706131078309,7312.5,4.401644727449239,0.9539718916530936,76.08,1.1877053213986466,0.4184100418409997,130.8,-4.105571847507328,0.7704160246533087,5.9,34.09090909090908,3.5087719298245723,130616.0,-1.388396059038921,-0.0795593635250946,2.5,-26.470588235294112,1.6,0.0,-633.3333333333334,89.5507,-1.308927642541624,0.4759527188883394,99.5098,1.0877905187771653,0.0826329579983964,93.0,5.203619909502266,-2.8213166144200663,429250.0,3689250.0,1.75,0.02
2002-07-01,180.0,1.465614430665152,0.222717149220486,190.5,2.1995708154506355,0.1577287066246047,7387.3,4.306510596840019,0.8849436667804689,76.393,1.1921635118487872,0.2204001311905568,131.2,-1.6491754122938684,0.2291825821237436,5.8,26.086956521739136,0.0,130585.0,-1.2014556679503352,-0.0742259836855829,1.6,-36.0,1.0,-433.33333333333337,25.0,90.6436,1.578300939539545,-0.0330857052107669,99.03129,0.6898737381902054,-0.2546731028742477,88.1,-4.653679653679665,-4.653679653679665,386000.0,3504250.0,1.73,-0.02
2002-10-01,181.2,2.027027027027017,0.221238938053081,191.5,2.187833511205972,0.1045478306325176,7435.2,3.08197812253046,0.5912196441858919,76.821,1.7604514385630263,0.1825745621470753,133.2,2.225633154259388,0.680272108843516,5.7,7.547169811320753,0.0,130621.0,-0.6321699175364404,0.0942543180738386,0.5,-68.75,0.4,-94.02985074626866,-128.57142857142858,90.3988,2.255186635160178,-0.2631366997913664,98.31223,0.0079752287766687,-0.2007917366383949,80.6,-2.539298669891188,-6.387921022067367,407500.0,3555750.0,1.75,0.0
2003-01-01,182.6,2.757456387169399,0.4400440044004305,192.4,1.9607843137255052,0.1561686621551317,7541.3,4.964785791832527,0.2845782523703821,77.201,2.34651535840702,0.2988138389782957,135.3,5.2918287937743225,1.8058690744920949,5.8,1.754385964912264,-3.3333333333333326,130580.0,-0.208631059280262,0.0850776812882703,2.1,320.0,0.4,-500.0,-50.0,91.1369,3.022153794676674,0.8256389491827498,98.02883,-0.950164293537792,-0.0656212663059152,82.4,-11.397849462365585,-4.959630911188007,395000.0,3414500.0,1.24,0.0
2003-04-01,183.2,2.175125488008911,-0.3806416530723333,192.5,1.4760147601476037,0.0,7634.5,4.403418803418813,0.3021743414570066,77.593,1.988696109358568,-0.1698295271791439,136.8,4.587155963302747,-3.116147308781858,6.0,1.6949152542372836,1.6949152542372836,130176.0,-0.3368653151221923,-0.0430001842865013,3.6,71.42857142857142,-0.2,-112.5,-111.11111111111111,90.4311,0.9831302267877318,-0.6258200495381394,98.1471,-1.3694128618487844,0.1203622066955345,86.0,-7.526881720430111,10.824742268041245,436250.0,3629750.0,1.26,0.01
2003-07-01,183.7,2.055555555555544,0.3276897870016393,193.4,1.522309711286085,0.2072538860103723,7757.0,5.004534809741035,0.7454932723777841,77.816,1.8627361145654664,0.2938598752384447,137.7,4.9542682926829285,-0.2173913043478359,6.2,6.896551724137945,-1.5873015873015817,130184.0,-0.3070796799019781,-0.0061447708000539,6.8,88.88888888888889,1.0,0.0,-9.090909090909092,90.9869,0.3787360607919288,0.5162417863092683,98.90762,-0.1248797223584619,0.3071454156979847,90.9,3.178206583427934,1.3377926421404671,411500.0,3616250.0,1.01,-0.2099999999999999
2003-10-01,184.9,2.041942604856528,-0.1080497028633109,194.0,1.305483028720622,0.1548786783686084,7867.4,5.812890036582741,0.1744400728319162,78.333,1.9682118170812668,0.0127676416889155,139.3,4.579579579579596,0.5776173285198638,6.0,5.263157894736836,-1.639344262295073,130439.0,-0.1393344102403104,0.1435678530847806,4.7,-30.88235294117646,-0.4,-200.0,-33.33333333333333,91.5049,1.2235781890910236,0.1345999590728563,99.97696,1.6933091640785711,0.369716738569692,89.6,11.166253101736975,2.1664766248574496,382000.0,3486250.0,1.01,0.0
2004-01-01,186.3,2.026286966046009,0.431266846361189,194.6,1.1434511434511352,0.2059732234809486,8007.1,6.176653892564943,0.7131716643187902,78.909,2.212406575044379,0.3867438458113437,141.4,4.508499630450835,1.362007168458779,5.7,-1.724137931034475,0.0,130766.0,0.1424414152243924,0.1317058976675778,2.3,-51.06382978723405,0.6,49.99999999999998,-250.0,92.3268,1.305618251224261,0.1666427985575147,100.8281,2.855557900670646,0.2170764846729511,103.8,25.970873786407743,12.095032397408213,360200.0,3148200.0,1.0,0.02
2004-04-01,187.4,2.2925764192139875,0.1603420630678753,195.9,1.7662337662337713,0.2046035805626678,8107.2,6.191630100203027,0.1037190694917811,79.346,2.259224414573469,0.18560840414652,144.8,5.847953216374258,1.1879804332634691,5.6,-6.666666666666677,-3.4482758620689724,131409.0,0.9471792035398164,0.2058884084826129,3.1,34.78260869565219,-1.1,450.0,-161.11111111111111,92.8957,2.7253898271722976,0.3878457003051894,101.0155,2.9225519653662824,-0.0015838902522435,94.2,9.534883720930232,-1.670146137787054,348250.0,3000750.0,1.0,0.0
2004-07-01,189.1,2.939575394665228,0.1058761249338235,196.8,1.7580144777662898,0.1017293997965573,8236.9,6.186670104421799,0.9720996371481716,79.905,2.684537884239746,0.0926958199195748,147.4,7.044299201161963,0.1358695652174057,5.5,-11.290322580645162,-1.7857142857142794,131850.0,1.2797271554108036,0.0462861088558197,3.8,22.580645161290303,1.1,10.000000000000009,-184.6153846153846,93.5502,2.8172187424783117,0.7377367816327141,100.8032,1.9165156334769893,-0.0969266905184396,96.7,6.380638063806376,1.1506276150627714,343000.0,2917000.0,1.26,0.2299999999999999
2004-10-01,190.8,3.1909140075716547,0.5268703898840821,197.9,2.0103092783505083,0.2025316455696257,8397.1,6.732846937997317,0.6665467841515449,80.448,2.700011489410592,0.4294417257565186,150.0,7.681263460157917,1.5572105619499066,5.5,-8.333333333333337,1.8518518518518376,132435.0,1.5302171896442118,0.2664990952658597,4.1,7.8947368421052655,0.7,-275.0,-61.11111111111112,94.5695,3.349110266226174,0.8899528779445998,100.537,0.5601690629521094,-0.0634189787755201,91.7,2.34375,-2.6539278131634814,334000.0,2778000.0,1.76,0.1499999999999999
2005-01-01,191.6,2.8448738593666034,-0.0521648408972286,199.0,2.261048304213764,0.2014098690835908,8497.7,6.127062232268865,-0.0787827477540914,80.907,2.53203056685547,0.1311864952166397,150.9,6.718528995756712,0.4660452729693842,5.3,-7.017543859649134,-1.85185185185186,132779.0,1.539390973188759,0.110078185670237,4.5,9.756097560975618,-1.0,-266.6666666666667,-183.33333333333331,95.8785,3.846878696109912,0.3527263021828153,100.4692,-0.3559523585191071,-0.0301494037283744,95.5,-7.996146435452789,-1.6477857878475777,343400.0,2723800.0,2.28,0.1199999999999996
2005-04-01,193.7,3.3617929562433257,0.3107198342827466,200.2,2.1949974476773715,0.0499750124937525,8678.4,7.045589105979877,0.9304056568663954,81.603,2.844503818718014,0.2801843317972174,155.0,7.044198895027609,0.8458035133376729,5.2,-7.142857142857128,0.0,133515.0,1.602629956852275,0.2711146492031746,2.0,-55.55555555555556,0.9,-181.8181818181818,350.0,96.6347,4.024944103978978,0.2076020511331489,100.2931,-0.7151377758858879,-0.0513231404579817,87.7,-6.900212314225051,-5.291576673866083,323200.0,2604400.0,2.79,0.1600000000000001
2005-07-01,194.9,3.067160232681121,0.6195147134744561,200.9,2.083333333333326,0.1495513459621289,8853.8,7.489468125144172,1.1469828866497611,82.046,2.679431825292533,0.4235006119950979,156.3,6.0379918588873815,1.2961762799740706,5.0,-9.090909090909092,0.0,134297.0,1.8558968524838848,0.2672858540081702,3.2,60.00000000000001,0.7,-36.36363636363637,-75.0,96.8397,3.516293925614256,-0.3176586723596886,100.3567,-0.4429422875464328,0.0452591083955677,96.5,-0.206825232678387,0.5208333333333259,324400.0,2595200.0,3.26,0.2199999999999997
2005-10-01,199.1,4.350104821802936,0.1509054325955716,202.0,2.071753410813537,0.3477396920019915,8938.5,6.447464005430437,0.4280706485101815,83.305,3.551362370723954,0.1599095849564857,166.2,10.799999999999986,2.4660912453760897,5.0,-9.090909090909092,0.0,134646.0,1.6694982444217965,0.0698614661989394,2.2,-31.25,0.0,-100.0,-100.0,96.4411,1.9790735913798765,1.2224433332913565,100.6568,0.1191601102081829,0.1373873717029905,74.2,-19.083969465648853,-3.5110533159948054,352200.0,2803400.0,3.78,0.1599999999999997
2006-01-01,199.3,4.018789144050117,0.6057546693589266,203.2,2.1105527638190846,0.1972386587770991,9071.6,6.753592148463694,1.0076716660542662,83.534,3.246937842213904,0.4847770386498418,164.3,8.880053015241884,0.7975460122699563,4.7,-11.32075471698113,-4.081632653061229,135425.0,1.992785003652675,0.1960639242379436,5.5,150.0,2.9,-390.0,inf,98.127,2.3451555875404706,0.1579017742770139,101.101,0.6288494384348642,0.119924856332787,91.2,-4.502617801047116,-0.3278688524590123,295750.0,2557000.0,4.29,0.1299999999999999
2006-04-01,200.7,3.613835828600931,0.5007511266900355,204.8,2.29770229770232,0.2447381302006945,9191.6,5.913532448377601,0.6427312244741579,84.135,3.102827101944805,0.4644997970052467,164.3,6.000000000000005,1.2946979038224615,4.7,-9.615384615384617,0.0,136210.0,2.018499794030637,0.1242272550187051,1.0,-81.81818181818181,0.5,-44.44444444444444,66.66666666666667,98.6826,2.119218044863791,0.2960627616465983,101.1768,0.8811174447693748,-0.0262837019309625,87.4,-0.34207525655644,-1.687289088863897,303600.0,2401000.0,4.79,0.2000000000000001
2006-07-01,202.9,4.104669061056954,0.5450941526263575,206.3,2.6879044300647026,0.1942690626517862,9343.8,5.534346834127724,0.9093265367834392,84.858,3.4273456353752785,0.3417327862455632,166.8,6.717850287907878,0.4214328717640159,4.7,-5.999999999999995,2.1739130434782705,136522.0,1.6567756539610068,0.1423038554075439,0.6,-40.0,0.3,-57.14285714285714,0.0,98.9751,2.2050873763549417,-0.0653272724702613,101.0372,0.6780812840597505,-0.0296832206690189,84.7,-12.2279792746114,-0.2355712603062443,318800.0,2449400.0,5.24,0.25
2006-10-01,201.9,1.4063284781516971,-0.4437869822485285,207.6,2.7722772277227747,0.1930501930502037,9393.6,5.091458298372209,0.1941250506645175,84.702,1.67697016985775,-0.2355657110550968,162.2,-2.406738868832736,-1.93470374848852,4.4,-11.99999999999999,-2.2222222222222143,136849.0,1.636142180235578,0.0175406541202294,3.5,483.33333333333337,-0.1,-inf,-80.0,99.1229,2.7807646325062496,-0.1024947442468837,101.1949,0.5345888206261362,0.0864426476769875,93.6,26.14555256064688,9.601873536299754,315500.0,2446250.0,5.25,0.0
2007-01-01,203.437,2.075765178123423,0.1659281142294633,208.6,2.657480314960625,0.2402691013935642,9538.7,5.149036553639941,0.5311805065185693,85.316,2.133263102449301,0.3339919089284215,164.0,-0.1825928180158365,-0.9661835748792202,4.6,-2.1276595744680997,4.545454545454519,137475.0,1.513752999815399,0.1632046396747632,1.2,-65.71428571428571,0.0,-100.0,-100.0,99.7546,1.6586668297206677,-0.3574978149581742,101.5179,0.412359917310412,0.1063997633369506,96.9,6.25,5.670665212649939,317250.0,2524250.0,5.25,0.0099999999999997
2007-04-01,205.904,2.5929247633283525,0.3000662483924943,209.747,2.4155273437499902,0.1571020638149622,9643.6,4.917533400060936,0.3318871791670563,86.096,2.3307779164438047,0.2351735860479209,171.4,4.321363359707853,1.2404016538688722,4.5,-4.255319148936176,2.2727272727272707,137842.0,1.1981499155715447,0.0435470525903314,2.5,108.33333333333334,-0.3,-160.0,-133.33333333333331,101.5723,2.928277122815981,0.6710923810052449,101.8351,0.6506432304638876,0.1014431068327548,87.1,-0.3432494279176357,-1.4705882352941346,320250.0,2496000.0,5.25,-0.0099999999999997
2007-07-01,207.603,2.317890586495808,0.1780595848171584,210.773,2.1682016480853106,0.1810905357618075,9751.1,4.359040219182786,0.4563810936663026,86.661,2.1247260128685497,0.1525500121346557,175.1,4.976019184652269,0.7479861910241636,4.7,0.0,2.1739130434782705,138042.0,1.113373668712736,-0.0217277941943372,2.3,-8.000000000000007,0.4,33.33333333333335,-157.14285714285717,101.4953,2.5462969979318077,-0.156805342005839,101.9427,0.8962045662389784,-0.0112795745540572,90.4,6.729634002361284,5.978898007034017,313250.0,2542250.0,5.26,0.0099999999999997
2007-10-01,209.19,3.610698365527476,0.3083237831280172,212.077,2.156551059730249,0.2472182043355308,9882.7,5.206736501447806,0.3819158769337027,87.318,3.08847488843238,0.3032600454889955,174.7,7.7065351418002415,0.6916426512968199,4.7,6.818181818181812,0.0,138175.0,0.9689511797674744,0.0521350006879028,2.5,8.69565217391306,0.6,-699.9999999999999,49.99999999999998,101.6446,2.544013542783752,-0.2925169801104244,101.6702,0.4696877016529432,-0.106898279605816,80.9,-13.568376068376054,-2.9976019184652314,328250.0,2561750.0,4.76,-0.1800000000000006
2008-01-01,212.174,4.294695655165981,0.3447705076970342,213.771,2.4789069990412305,0.2828754784958143,9996.4,4.798347783240886,0.2366436707845309,88.206,3.387406817009708,0.2523186033824398,181.0,10.365853658536594,1.3437849944009097,5.0,8.69565217391306,0.0,138397.0,0.6706673940716446,0.0007225642359554,-1.7,-168.0,0.3,inf,-125.0,102.1493,2.4005910504377725,-0.1242710928425316,101.3258,-0.1892277125511765,-0.1151390047179345,78.4,-19.091847265221872,3.841059602649022,338750.0,2798750.0,3.94,-0.3000000000000002
2008-04-01,213.942,3.903760975988813,0.2314381020201539,214.56,2.294669292051843,0.0652924167521717,10070.3,4.424696171554188,0.3487688459737237,88.799,3.13951867682587,0.1850284876177665,190.9,11.376896149358217,1.5965939329430467,5.0,11.111111111111116,-1.9607843137254832,138037.0,0.1414663165073104,-0.1584018053466085,2.4,-241.17647058823533,0.0,-100.0,-100.0,100.7554,-0.8042547033000225,-0.685455412870084,100.8642,-0.9534040816967848,-0.1805107742368417,62.6,-28.128587830080363,-9.928057553956837,359500.0,2964000.0,2.28,-0.33
2008-07-01,219.016,5.497512078341837,0.7141444751521009,215.965,2.463313612274831,0.2511326500297173,10185.1,4.450779912009928,-0.0196326726938922,90.245,4.135655023597695,0.4653389292751608,205.5,17.361507709880076,2.493765586034913,5.8,23.404255319148938,3.571428571428581,137492.0,-0.398429463496619,-0.1430760627210592,-2.1,-187.5,-0.4,-200.0,-500.0,99.4194,-2.045316384108431,-0.4539774593282697,99.78567,-2.115923945510567,-0.4795519939361559,61.2,-32.30088495575222,8.510638297872353,398000.0,3176250.0,2.01,0.0099999999999997
2008-10-01,216.995,3.7310578899565128,-0.8598436564828615,216.788,2.2213629955157854,0.0346079838311474,10034.1,1.5319700081961374,-0.8135305049226882,89.651,2.6718431480336147,-0.6604097643134965,186.4,6.69719519175731,-5.332656170645,6.5,38.29787234042552,6.557377049180335,136294.0,-1.3613171702551163,-0.3400141855380623,-8.5,304.7619047619048,-3.8,-733.3333333333333,153.33333333333331,94.4985,-7.03047677889429,1.0056906119866316,97.57042,-4.032430348322313,-0.8460014038202623,57.6,-28.80098887515451,-18.06543385490753,475250.0,3731000.0,0.97,-0.8400000000000001
2009-01-01,211.933,-0.1135860190221271,0.2530771341261451,217.346,1.6723503187990874,0.1940762936498696,9847.2,-1.492537313432829,0.466255165025764,88.108,-0.1111035530462767,0.0113509954823065,171.2,-5.414364640883984,0.1755412521942556,7.8,56.00000000000001,6.849315068493156,134066.0,-3.129403093997707,-0.5799121974371158,-4.5,-47.05882352941176,1.5,400.0,-171.42857142857144,88.3712,-13.488198157011356,-2.48867330342305,95.6155,-5.635583434821145,-0.5067609576482446,61.2,-21.93877551020408,1.830282861896837,572000.0,4861200.0,0.15,-0.01
2009-04-01,212.709,-0.5763244243767063,0.1007082519588697,218.706,1.93232662192393,0.2075572844359552,9772.5,-2.957210808019617,-0.0071624442352646,88.295,-0.5675739591662121,0.1429073710714767,169.1,-11.419591409114728,0.5948839976204656,9.0,80.0,3.4482758620689724,131825.0,-4.500242688554524,-0.5049285250652846,-0.7,-84.44444444444444,0.5,inf,-129.41176470588235,85.7903,-14.852901184452636,-0.784790832310811,95.49648,-5.321729612687154,0.196297552633573,65.1,3.993610223642152,13.61256544502618,627750.0,6184500.0,0.15,-0.03
2009-07-01,214.726,-1.958761003762277,-0.0297965454630122,219.263,1.5270992984974363,0.0689145277301239,9886.3,-2.933697263649848,0.3440786001380314,88.922,-1.4660091971854472,0.0112470757603011,172.5,-16.058394160583944,-0.9190120620333088,9.5,63.793103448275865,0.0,130661.0,-4.968289064091003,-0.2610627237544127,1.4,-300.0,0.2,-150.0,-88.23529411764706,85.6853,-13.814305859822127,1.193628313567463,96.77999,-3.0121359108978285,0.506938022272907,66.0,7.843137254901955,-6.779661016949145,566500.0,6139000.0,0.16,-0.0499999999999999
2009-10-01,216.509,-0.2239682942003384,0.3001931798703783,220.501,1.712733177113113,0.2641869770825922,9976.7,-0.5720493118466008,0.4925562561695518,89.663,0.0133852383130239,0.3795172629976306,175.2,-6.008583690987135,0.6318207926478969,10.0,53.846153846153854,2.0408163265306145,130061.0,-4.57320204851277,-0.1382053270475469,4.4,214.28571428571436,0.9,-123.6842105263158,-137.5,87.5809,-7.320327835891582,0.2275065488240857,98.18285,0.6276799874388228,0.4472113970821478,70.6,22.569444444444443,-3.945578231292524,525400.0,5765600.0,0.12,-0.03
2010-01-01,217.488,2.621111388976716,0.0648732211624647,220.633,1.5123351706495702,-0.1122776517672341,10056.1,2.121415224632384,0.0348168632990475,90.136,2.301720615608116,0.2190373475355445,181.9,6.25,2.133632790567108,9.8,25.64102564102566,-1.0101010101010055,129795.0,-3.1857443348798364,-0.0092444937484059,1.9,-56.81818181818182,-0.1,-106.66666666666669,-120.0,89.1897,0.9262067279837805,1.075811079732203,99.27216,3.8243381041776825,0.3218475553410371,74.4,21.568627450980404,2.6206896551724146,479800.0,4839000.0,0.11,-0.0099999999999999
2010-04-01,217.403,2.2067707525304403,0.0230040533141906,220.822,0.9675088932173947,0.0176644035093431,10182.3,4.193399846508061,0.2589602205592678,90.31,2.282122430488709,0.0542870121093441,184.4,9.047900650502672,0.6001091107474155,9.9,10.000000000000009,0.0,130115.0,-1.2971742840887537,0.1925076040503626,3.9,105.26315789473686,0.9,80.0,-57.14285714285714,90.4607,5.44397210407237,0.3606787994976601,99.72921,4.432341380540916,0.0637631858355192,72.2,10.906298003072212,-1.90217391304347,469000.0,4728000.0,0.2,0.04
2010-07-01,217.605,1.3407784804821077,0.186925354168288,221.363,0.9577539302116688,0.0764035190828016,10268.1,3.861909915742001,0.3596805879995779,90.378,1.6373900721981194,0.0852703735285231,184.1,6.724637681159407,0.3269754768392419,9.4,-1.0526315789473606,0.0,130420.0,-0.1844467744774647,-0.0620684898966272,3.1,-20.512820512820507,0.3,49.99999999999998,-400.0,92.2549,7.667126099809418,0.3825760337224038,99.57851,2.8916308009537817,-0.0603480737994988,67.8,2.7272727272727337,-10.789473684210527,459200.0,4528600.0,0.18,0.0
2010-10-01,219.035,1.1666951489314623,0.348184629481163,221.83,0.6027183550187942,0.0536734758311396,10386.4,4.106568304148661,0.5742173504662329,90.881,1.3584198610352205,0.3190127163546385,186.6,6.506849315068486,0.919415900486742,9.4,-5.999999999999995,-1.0526315789473606,130620.0,0.4297983254011539,0.2148227712137407,2.1,-32.258064516129025,1.1,22.222222222222232,37.5,92.6033,5.734583682058547,-0.2692419117037326,99.74897,1.5951054588454028,0.1157239314781843,67.7,-4.107648725212454,-0.7331378299120228,446800.0,4363400.0,0.19,0.0
2011-01-01,221.187,1.7007834915029774,0.3243042200370194,222.803,0.9835337415527112,0.2068875566129779,10514.3,4.556438380684358,0.4135230636997278,91.542,1.5598650927487467,0.3002147521584897,192.7,5.937328202308945,1.5814443858724214,9.1,-7.142857142857151,-2.150537634408612,130839.0,0.80434531376401,0.0022929468953547,-0.9,-142.85714285714286,0.7,-799.9999999999999,16.666666666666675,93.3889,4.708166974437633,-0.216579265660588,100.2302,0.9650641227107348,0.1465776076975622,74.2,-0.268817204301075,-0.402684563758382,426800.0,3918400.0,0.17,-0.0099999999999999
2011-04-01,224.093,3.0772344447868694,0.4694098975099203,223.727,1.3155392125784535,0.1221727961907115,10652.1,4.613888807047539,0.3050933642193332,92.557,2.488096556306063,0.4242345333420161,203.1,10.1409978308026,1.957831325301207,9.1,-8.080808080808088,1.1111111111111072,131604.0,1.14437228605464,0.2483279757461209,2.7,-400.0,0.5,-44.44444444444444,-44.44444444444444,93.6571,3.5334681248321065,-0.3312815797651192,100.2247,0.4968353805269387,-0.0931038366954739,69.8,-3.3240997229917024,3.4074074074073923,420600.0,3770800.0,0.1,-0.04
2011-07-01,225.395,3.5798809769996165,0.2620036831757044,225.218,1.741483445742964,0.2318678041985267,10731.6,4.513980191077227,0.3440924561469272,92.977,2.875699838456258,0.1702237688404384,204.6,11.135252580119491,0.343305541932315,9.0,-4.255319148936176,-1.098901098901095,131992.0,1.2053366048152103,0.0424448217317463,-0.1,-103.7037037037037,-0.1,-133.33333333333334,-112.5,94.4958,2.4290308699050023,0.474751008247809,99.55637,-0.022233712876396,-0.2556817811802614,63.7,-6.047197640117985,-10.9090909090909,412600.0,3721600.0,0.07,-0.0199999999999999
2011-10-01,226.75,3.5222681306640524,0.0675207527019328,226.506,2.107920479646564,0.1715918237380487,10802.9,4.01005160594623,0.1826915943319074,93.329,2.693632332390705,0.0021430025608726,201.1,7.770632368703101,-1.276386843397148,8.8,-6.382978723404253,-2.2222222222222143,132557.0,1.4829275761751637,0.15943058347061,4.6,-4699.999999999999,0.6,-45.45454545454546,-40.0,95.6891,3.3322786552962835,0.699504548305474,99.2426,-0.5076443395856667,0.0160743106816463,60.8,-10.192023633678003,2.184873949579824,402400.0,3701600.0,0.07,-0.0099999999999999
2012-01-01,227.842,3.0087663379855023,0.2724196054096683,227.877,2.2773481506083826,0.2075592005452931,10896.8,3.6379026658931215,0.7302778753535799,93.894,2.569312446745764,0.3419753350289767,200.7,4.1515308770109005,0.4504504504504458,8.3,-8.791208791208781,-2.35294117647058,133243.0,1.8373726488279507,0.2565800364178194,3.4,-26.086956521739125,1.0,42.85714285714286,900.0,96.7595,3.609208374871109,0.6015747409308991,99.75617,-0.4729412891523732,0.1936857676415604,75.0,1.0781671159029615,7.296137339055786,377750.0,3451250.0,0.08,0.0099999999999999
2012-04-01,229.187,2.2731633741348567,0.1660788350006825,228.905,2.314427851801515,0.1868888908341359,11018.5,3.439697336675396,0.2237604489762512,94.408,1.9998487418563693,0.1315175427431869,203.7,0.2954209748892156,-0.2448579823702279,8.2,-9.8901098901099,0.0,133828.0,1.6899182395671897,0.0620583947063435,1.8,-47.05882352941176,-0.4,-180.0,-233.33333333333331,97.251,3.83729583768877,0.714678508588884,99.91798,-0.3060323453200619,-0.0259845643483136,76.4,9.455587392550148,0.2624671916010568,381750.0,3323000.0,0.14,0.01
2012-07-01,228.59,1.4175114798464783,0.0288809928060018,229.97,2.109955687378462,0.1511172661275317,11016.8,2.657572030265753,0.2456823600065494,94.288,1.4100261354958563,0.0360727396184756,200.1,-2.1994134897360684,0.1501501501501412,8.2,-8.888888888888902,0.0,134153.0,1.6372204376022823,0.1082024953733995,0.6,-66.66666666666667,0.5,-600.0,-155.55555555555557,97.6714,3.3605726392072377,0.1996372470167262,99.64983,0.0938764641579492,-0.0801165309481932,72.3,13.500784929356357,-1.2295081967213184,372500.0,3305750.0,0.16,0.0
2012-10-01,231.638,2.1556780595369363,0.2696794580438588,231.024,1.9946491483669335,0.1582422537165229,11137.4,3.09639078395616,0.2890511737638768,95.174,1.9768774978838444,0.2961230016966576,203.5,1.1934361014420691,-0.4403131115459868,7.8,-11.363636363636376,0.0,134672.0,1.595540031835352,0.1189484953015407,0.5,-16.666666666666664,0.0,-100.0,-100.0,97.5311,1.9249841413494284,0.3182417094126144,99.71512,0.4761261796849325,0.0668047854183617,82.6,35.85526315789473,5.4916985951468655,368500.0,3276250.0,0.16,0.0199999999999999
2013-01-01,231.679,1.684061762098299,0.1980788942180789,232.229,1.9098022178631435,0.2174991908512336,11252.4,3.2633433668600054,0.6367831717525752,95.275,1.470807506336924,0.190337981365829,202.5,0.8968609865470878,0.496277915632759,8.0,-3.614457831325313,1.2658227848101111,135263.0,1.5160271083659138,0.1399233013015033,4.0,700.0,0.8,-20.0,166.66666666666669,98.1736,1.461458564792073,-0.0150730636205631,100.0398,0.2843232654180738,0.1277622391270716,73.8,-1.6000000000000014,1.2345679012345512,353000.0,3132750.0,0.14,-0.0199999999999999
2013-04-01,231.797,1.138808047576867,-0.2087979266581219,232.832,1.715558856294086,0.0163234447623228,11281.1,2.3832645096882654,-0.079715857255469,95.391,1.0412253198881505,-0.1015834450402097,203.5,-0.0981836033382421,-0.2450980392156854,7.6,-7.317073170731703,1.3333333333333195,135876.0,1.5303225035119716,0.1370771611762133,1.1,-72.5,-0.5,25.0,-28.57142857142857,98.9445,1.7413702686861932,-0.1034862237119682,100.3812,0.463600244920892,0.101716008903141,76.4,0.0,-2.798982188295152,347250.0,3041500.0,0.15,0.0099999999999999
2013-07-01,232.9,1.885471805415806,0.1957452300544337,233.88,1.7002217680567089,0.2271266338118804,11372.6,3.2296129547600083,0.2485807975741494,95.792,1.5951128457492023,0.1243820095533809,204.4,2.148925537231383,0.04894762604013,7.3,-10.97560975609756,-2.6666666666666727,136391.0,1.668244467138269,0.0895287996536264,3.5,218.18181818181816,0.6,20.0,100.0,98.8987,1.256560262267148,-0.325935451880166,100.611,0.964547556177453,0.0484276910929892,85.1,17.70401106500692,1.189060642092743,346000.0,3020250.0,0.09,0.0
2013-10-01,233.669,0.8767991434911471,0.0535231048539142,234.921,1.686837731144819,0.0941627609714501,11498.0,3.237739508323312,0.4551848260075708,96.103,0.9761069199571092,0.1323247478536293,202.5,-0.4914004914004954,-0.6866110838646411,7.2,-7.692307692307687,0.0,137039.0,1.757603659261009,0.1607963806196544,3.5,0.0,0.4,inf,300.0,99.9037,2.432659941290538,-0.1172753721718433,100.6561,0.9436683223166042,0.0038747290173501,73.2,-11.38014527845035,-5.548387096774188,358500.0,2928500.0,0.09,0.0099999999999999
2014-01-01,235.288,1.557758795574915,0.2424175290453689,235.961,1.6070344358370292,0.0856807163247319,11578.8,2.9007145142369684,-0.1242107442293916,96.614,1.4054054054054133,0.2074387537079669,203.8,0.6419753086419844,0.8910891089108919,6.6,-17.500000000000004,-1.49253731343284,137551.0,1.6915194842639814,0.1339477458195848,-1.4,-140.0,-0.9,-212.5,-280.0,99.9899,1.850090044574104,-0.3826688186183591,100.6421,0.6020603799687718,-0.0109286251491425,81.2,10.027100271002707,-1.5757575757575748,326750.0,2876750.0,0.07,-0.0199999999999999
2014-04-01,236.468,2.015125303606169,0.1864185605097601,237.072,1.8210555250137483,0.1889064976228205,11762.3,4.265541480883939,0.3412299634030891,96.987,1.6731138157687786,0.1776584206992781,208.3,2.358722358722365,0.6280193236715137,6.2,-18.421052631578934,-7.462686567164178,138298.0,1.782507580440984,0.2253835506243362,5.3,-478.5714285714287,1.0,-300.0,0.0,101.8273,2.91355254713499,0.0823639839399925,100.7503,0.3676983339509609,0.0513413294723097,84.1,10.07853403141359,5.125000000000002,322750.0,2721000.0,0.09,0.0099999999999999
2014-07-01,237.498,1.9742378703305972,0.1125485286492811,238.195,1.844963229006336,0.1505232575251147,11904.4,4.676151451734856,0.3599821273510439,97.391,1.6692416903290486,0.1418979363104533,208.0,1.7612524461839474,-0.1440230436869916,6.2,-15.068493150684926,1.6393442622950838,139076.0,1.96860496660336,0.1750304322459372,5.0,-5.660377358490565,0.2,-66.66666666666666,-33.33333333333333,102.7954,3.940092235792792,0.2125224464648134,100.846,0.2335728697657302,0.016661840022536,81.8,-3.877790834312567,-0.848484848484854,301750.0,2533500.0,0.09,-0.01
2014-10-01,237.43,1.6095417021513292,-0.0197913903241198,239.191,1.817632310436279,0.1696079334634337,12064.7,4.928683249260746,0.6112714111780271,97.384,1.3329448612426242,-0.0297701538808925,203.4,0.4444444444444473,-1.4534883720930258,5.7,-20.833333333333336,-3.3898305084745783,139804.0,2.0176738008887973,0.1719641168209662,2.0,-60.0,0.4,0.0,-300.0,102.9611,3.0603471142710337,0.018845618442298,100.8113,0.1541883701037472,-0.0265772560173127,86.9,18.715846994535525,2.7186761229314627,288750.0,2423250.0,0.09,0.0
2015-01-01,234.747,-0.2299309782054281,-0.6370316441765556,239.811,1.631625565241701,0.0947475624415661,12066.7,4.213735447542066,-0.2430535461843019,96.654,0.0414018672242111,-0.4798187808896292,192.0,-5.789990186457317,-2.538071065989844,5.7,-13.636363636363624,1.7857142857143016,140562.0,2.189006259496473,0.1396349543336672,3.6,80.0,-0.5,-44.44444444444444,-16.666666666666664,102.7923,2.802683070990164,-0.794092752890263,100.6224,-0.0195743133340808,-0.0822201832676006,98.1,20.8128078817734,4.807692307692313,287600.0,2349800.0,0.11,-0.0099999999999999
2015-04-01,236.222,-0.1040309893939106,0.1042478896158938,241.346,1.802827832894649,0.2454777678552844,12209.1,3.798576808957432,0.2710227412718424,97.094,0.110324064049827,0.0886524822695022,190.9,-8.353336533845413,-0.3133159268929431,5.4,-12.903225806451612,0.0,141202.0,2.09981344632606,0.1965584530778885,2.5,-30.55555555555556,0.2,-80.0,-86.66666666666667,101.2255,-0.5910006452100713,-0.5515444521839274,100.327,-0.4201476323147268,-0.0989779579871341,95.9,14.030915576694426,3.1182795698924792,286000.0,2281500.0,0.12,0.0099999999999999
2015-07-01,238.034,0.2256861110409458,0.1586319780187306,242.565,1.834631289489708,0.2069700575054511,12364.9,3.868317596854953,0.4631171848975102,97.605,0.2197328295222345,0.0912670741211707,193.9,-6.778846153846152,-0.462012320328542,5.2,-16.129032258064512,-1.8867924528301767,141989.0,2.0945382380856525,0.2074879141818586,1.6,-36.0,0.8,300.0,700.0,101.0893,-1.6597046171326846,0.6276204772503791,99.96508,-0.8735299367352178,-0.1425663135140253,93.1,13.814180929095343,-3.1217481789802326,277750.0,2244750.0,0.13,0.0
2015-10-01,237.733,0.127616560670507,0.098948201669069,243.768,1.9135335359607983,0.1857666573509275,12394.9,2.7369101593906158,0.0686236517470684,97.477,0.0954982337961096,0.0,187.5,-7.817109144542778,-0.8461131676361644,5.0,-12.28070175438597,0.0,142584.0,1.988498183170728,0.2242294309914516,0.7,-56.25,-0.3,-175.0,-40.0,100.1563,-2.724135620151691,-0.4737014696968078,99.52224,-1.2786860203171768,-0.1281485969785833,90.0,3.5673187571921616,3.2110091743119185,267000.0,2207600.0,0.12,-0.02
2016-01-01,237.652,1.2375025026943876,-0.0458443563073895,244.955,2.145022538582464,0.1668390943254216,12478.0,3.4085541200162384,0.2088017989078094,97.496,0.8711486332691809,0.0410441635199321,182.6,-4.895833333333332,-0.4904632152588628,4.8,-15.789473684210533,-4.000000000000004,143196.0,1.8739061766337883,0.0789751403031724,2.3,228.57142857142856,-0.7,39.99999999999999,-275.0,99.4391,-3.2621120453574792,0.4972353914364236,99.24446,-1.3694167501470789,-0.0769324714936514,92.0,-6.218144750254839,-0.647948164146861,279600.0,2207600.0,0.34,0.1
2016-04-01,238.992,1.1726257503534845,0.3830645161290169,246.551,2.156654761214183,0.2594413471430856,12611.5,3.2959022368561186,0.594241046502364,97.993,0.9259068531526138,0.3276238059647829,183.2,-4.033525405971716,0.6040637012630468,5.1,-5.55555555555557,2.0000000000000018,143856.0,1.8795767765329208,0.1322511937410286,1.3,-43.47826086956521,0.4,100.0,-233.33333333333331,98.4775,-2.7147309719388835,0.3198744951025567,99.17165,-1.1515843192759778,-0.0014620900223971,89.0,-7.1949947862356645,-2.197802197802201,266000.0,2149000.0,0.37,0.01
2016-07-01,240.101,0.8683633430518256,-0.050370074347894,247.829,2.1701399624842965,0.1167488082734147,12756.7,3.1686467339000046,0.2002953374387273,98.342,0.7550842682239489,0.0172896008136191,187.7,-3.1975244971634957,0.0533049040511768,4.8,-7.692307692307699,-2.0408163265306256,144515.0,1.7790110501517686,0.2518175259448307,2.9,123.07692307692308,-0.2,-125.0,-118.1818181818182,98.8452,-2.21991842855771,0.1151608149374983,99.18951,-0.7758409236505392,0.0155282462328099,90.0,-3.329752953813103,-3.743315508021394,259400.0,2134600.0,0.39,0.01
2016-10-01,241.741,1.685924966243646,0.2342687497926876,249.142,2.2045551507991146,0.1205584266321446,12867.0,3.808824597213367,0.1587968801083583,98.868,1.427003293084517,0.2047311130480622,186.7,-0.4266666666666752,-0.1070090957731473,4.9,-1.999999999999991,-1.999999999999991,145069.0,1.7428322953487063,0.074502797304099,2.2,-24.13793103448275,0.2,-166.66666666666669,-71.42857142857142,98.7237,-1.4303643405357502,0.0694337450027893,99.42847,-0.094220146170354,0.1163393326528483,87.2,-3.111111111111109,-4.385964912280704,255800.0,2072600.0,0.4,0.0
2017-01-01,243.618,2.510393348257112,0.4043076694815628,250.467,2.2502092221020176,0.2188700384122999,13063.7,4.693861195704452,0.444413689171852,99.451,2.0052104701731244,0.3835633030856655,190.7,4.435925520262862,1.3283740701381497,4.7,-2.083333333333326,0.0,145636.0,1.7039582111232132,0.1554225981706958,2.0,-9.090909090909092,1.1,-257.1428571428572,-8.333333333333325,98.8158,-0.6268158098776011,-0.2269776233181142,99.80352,0.5633160782979596,0.1067634077146495,98.5,7.065217391304346,0.3054989816700493,244000.0,2081000.0,0.65,0.1099999999999999
2017-04-01,244.193,2.176223471915395,0.1234152821740774,251.227,1.8965650108902388,0.1127741647539037,13169.2,4.422154382904497,0.2229849542234152,99.725,1.76747318686028,0.1908876274677284,193.0,5.349344978165949,0.7832898172323688,4.4,-13.725490196078416,0.0,146173.0,1.6106384161939769,0.1349536910177029,2.3,14.999999999999991,0.4,0.0,-300.0,100.0416,1.588281587164575,1.001926315406898,99.91348,0.7480262756544009,0.0094390567749735,97.0,8.98876404494382,0.1031991744065985,227800.0,1955400.0,0.9,0.1099999999999999
2017-07-01,244.243,1.7251073506566073,0.0327649971535448,251.985,1.6769627444729984,0.094936960269476,13263.3,3.971246482240698,0.2880863805462264,99.803,1.4856317748266346,0.0370867830723709,193.5,3.090037293553549,-0.0516528925619819,4.3,-10.416666666666664,0.0,146772.0,1.5617755942289646,0.125521870821621,3.2,39.13043478260872,0.0,-100.0,-100.0,100.0865,1.255802001513473,-0.2496586503483278,99.96452,0.781342704485577,0.0303900118227673,93.4,3.777777777777791,-1.684210526315788,250800.0,1927200.0,1.15,0.1099999999999998
2017-10-01,246.626,2.020757753132485,0.077505224501384,253.526,1.7596390813271243,0.2824233026913259,13447.5,4.511541151783627,0.225082542687427,100.531,1.6820407007323013,0.1304780876494105,194.9,4.3920728441349866,0.0513347022587318,4.2,-14.28571428571429,-2.3255813953488302,147146.0,1.4317324859205005,0.100000680276735,4.6,43.74999999999998,0.1,-50.0,-95.0,100.9893,2.2948896769468874,1.244232978640225,100.2471,0.8233356100119105,0.1159481079785473,100.7,15.481651376146788,5.888538380651953,242250.0,1902750.0,1.15,0.0
2018-01-01,248.859,2.151318868063945,0.4253344363511546,255.204,1.8912671130328464,0.3381247444406154,13703.3,4.896009553189362,0.2722064085584064,101.199,1.7576494957315614,0.3749218912726615,197.9,3.775563712637653,0.8150789607743292,4.0,-14.893617021276595,-2.439024390243893,147667.0,1.3945727704688382,0.0989689603513976,3.3,-28.260869565217394,-0.4,-136.36363636363637,-180.0,101.4852,2.7013898587068264,-0.0018721591216963,100.5871,0.785122608901978,0.1093780479551664,95.7,-2.8426395939086246,-0.2085505735140769,235250.0,1979500.0,1.41,0.1099999999999998
2018-04-01,250.227,2.4709963021052994,0.2604406656061986,256.63,2.150644636125887,0.1400860807504456,13838.4,5.081553928864313,0.327697706116048,101.766,2.0466282276259795,0.2383672826129723,200.3,3.782383419689128,0.5017561465127995,4.0,-9.090909090909092,0.0,148426.0,1.541324321181059,0.0984623684920471,2.1,-36.36363636363635,0.3,-25.00000000000001,-400.0,103.3551,3.3121221571825954,1.135875484249116,100.7645,0.8517569401045755,0.0176680725026079,98.8,1.855670103092777,-2.564102564102577,221500.0,1877500.0,1.69,0.1799999999999999
2018-07-01,251.214,2.854124785561929,0.0780820498928358,257.699,2.267595293370639,0.1165505693495383,13974.8,5.364426650984289,0.3187273875839835,102.137,2.338607055900121,0.1058522576914411,204.3,5.581395348837215,0.0489715964740566,3.8,-11.627906976744184,-5.000000000000004,149023.0,1.533671272449788,0.0369206809516242,2.5,19.047619047619047,0.6,inf,-300.0,103.3561,3.266774240282144,0.1264221278442612,100.6413,0.6770202067693631,-0.0658341575015208,97.9,4.817987152034253,-0.3054989816700604,209500.0,1654000.0,1.91,0.0899999999999998
2018-10-01,252.772,2.492032470218053,0.2339580144498754,258.917,2.126409125691242,0.212487614565271,14083.1,4.726529094627252,0.4658362938549709,102.595,2.053098049357893,0.1728211837762838,204.6,4.976911236531545,0.4911591355599265,3.8,-9.523809523809534,2.7027027027026973,149525.0,1.6167615837331617,0.1098010859595266,0.6,-76.0,1.1,1000.0,-375.0,103.9297,2.91159558487879,-0.1672369308325039,100.2606,0.0134667237256635,-0.1661895397177093,98.6,-2.085402184707064,-1.4985014985015033,213000.0,1592750.0,2.19,0.24
2019-01-01,252.561,1.4875893578291333,-0.0814979803534399,260.766,2.1794329242488475,0.270319114983697,14084.6,2.7825414316259733,0.2348487005038535,102.648,1.4318323303589953,-0.0516061187330163,199.1,0.6063668519454168,-0.945273631840804,4.0,0.0,2.564102564102577,150062.0,1.6218925013713248,0.1722250407198755,2.5,316.6666666666667,0.7,-275.0,-135.0,103.3598,1.847165892169489,-0.6586566786902948,99.67632,-0.9054640207342812,-0.1886252287970902,91.2,-4.702194357366773,-7.222787385554419,222750.0,1779500.0,2.4,0.1299999999999999
2019-04-01,255.233,2.000583470209061,0.3759679404743643,261.997,2.0913377235709074,0.1643938264383582,14290.0,3.263383050063595,0.2905548615302455,103.36,1.5663384627478738,0.2823351347155833,202.1,0.8986520219670391,0.6474103585657254,3.7,-7.499999999999996,-2.631578947368407,150602.0,1.4660504224327298,0.2049316672654955,3.4,35.999999999999986,0.1,-66.66666666666666,-93.75,102.2748,-1.045231439957961,-0.5458199990081347,99.27512,-1.4780800778051773,-0.115564969426507,97.2,-1.61943319838056,-1.2195121951219523,209750.0,1666500.0,2.42,0.0099999999999997
2019-07-01,255.802,1.826331335037068,0.2307876166182776,263.28,2.165704950349045,0.2059077639787077,14496.0,3.729570369522284,0.6058839451164921,103.622,1.4539295260287632,0.1333539484364765,200.7,-1.7621145374449476,0.1997004493260012,3.7,-2.631578947368407,2.77777777777779,150934.0,1.2823523885574728,0.0596642889342691,4.8,41.1764705882353,0.9,50.0,350.0,102.0057,-1.306550847023058,-0.5234902601360392,99.00743,-1.6234587589786686,-0.0735262354930821,98.4,0.5107252298263587,0.2036659877800328,208500.0,1631000.0,2.4,0.02
2019-10-01,257.155,1.7339736996186297,0.2827282299262768,264.97,2.3378148209658223,0.2201310195621753,14617.4,3.793909011510244,0.1836799034995007,103.917,1.2885618207514993,0.1773784620130447,198.6,-2.9325513196480912,0.1008064516129003,3.6,-5.263157894736836,2.857142857142869,151458.0,1.2927604079585375,0.0660685262754423,2.8,-41.66666666666666,0.3,-72.72727272727273,-150.0,101.5878,-2.2533501010779333,-0.8513557960610929,99.01381,-1.2435493104968498,0.0494114530089406,95.5,-3.144016227180524,2.467811158798283,212250.0,1618500.0,1.83,-0.2099999999999999
2020-01-01,258.906,2.5122643638566533,0.1067161582183118,266.698,2.27483644340134,0.2548680550334525,14844.3,5.393834400692943,0.4703955383490887,104.419,1.7253136933988111,0.1073753439366331,199.3,0.1004520341536974,0.1507537688442362,3.6,-9.999999999999998,0.0,152045.0,1.3214537990963835,0.1666754506166379,-5.5,-296.42857142857144,0.1,-85.71428571428571,-75.0,101.3372,-1.9568536316827312,-0.593376043852345,99.18732,-0.4905879350280862,0.0314251782239205,99.8,9.42982456140351,0.5035246727089548,214500.0,1807250.0,1.55,0.0
2020-04-01,256.126,0.3498763874577149,-0.7840402866550411,265.796,1.450016603243531,-0.4762831937933365,12234.4,-14.384884534639609,-11.412331197277435,103.817,0.4421439628482959,-0.4172581820972243,185.5,-8.213755566551207,-3.935784567581557,14.8,300.0,236.36363636363632,130421.0,-13.40022044859962,-13.570093705681984,-28.1,410.9090909090909,-14.5,-14600.0,59.34065934065935,84.6812,-17.202282478186216,-13.241808905190243,93.4837,-5.833707378041952,-4.504808382813918,71.8,-26.131687242798364,-19.41638608305275,4663250.0,17032000.0,0.05,-0.6
2020-07-01,258.408,1.0187566946310067,0.5462949992996124,267.373,1.5546186569431963,0.5770409909757301,14303.8,-1.3258830022075063,1.87311264315424,104.564,0.9090733627993952,0.3175577792061901,193.0,-3.8365719980069657,0.9414225941422716,10.2,175.67567567567565,-7.272727272727275,139240.0,-7.747757297891789,1.1514292978823892,35.2,-225.2669039145908,1.6,77.77777777777779,-81.60919540229885,95.0037,-6.86432228787216,3.6315442134944753,97.98195,-1.0357606494785343,1.4379511391043875,72.5,-26.321138211382124,-7.170294494238149,1383500.0,16563000.0,0.09,0.0099999999999999
2020-10-01,260.249,1.2031654060780772,0.1146369892787602,269.28,1.6265992376495175,0.1413164745258432,14726.0,0.742950182659019,0.3447946904343357,105.106,1.144182376319547,0.0571178340917244,196.5,-1.0574018126888185,0.5115089514066584,6.8,88.88888888888889,-12.82051282051282,142493.0,-5.919132696853257,0.4745451981384763,4.4,-87.5,-0.3,-200.0,-115.0,96.5256,-4.983078676770248,0.6613731784080645,99.18831,0.1762380419458642,0.333618252350587,81.8,-14.345549738219898,1.741293532338295,795400.0,7871400.0,0.09,0.0
2021-01-01,262.518,1.3951009246599089,0.1957977901184904,270.422,1.3963359305281695,0.0303321742990414,15081.5,1.5979197402369971,1.714405185030321,106.083,1.5935797125044229,0.3718421799602689,204.8,2.759658805820364,2.14463840399004,6.4,77.77777777777779,-4.477611940298509,142916.0,-6.004143510145021,0.2792629702914828,5.6,27.27272727272725,3.9,3800.0,333.3333333333333,98.8135,-2.490398392692905,0.6207492777781765,100.2579,1.0793516751939736,0.3365739076009566,79.0,-20.841683366733463,-2.106567534076831,827800.0,4944600.0,0.09,0.0
2021-04-01,266.752,4.148739292379555,0.6953304896002432,273.665,2.96054116690998,0.8119029989575033,15915.0,30.08402537108481,1.289427458567749,107.632,3.6747353516283674,0.5605800134539374,217.9,17.466307277628033,1.3488372093023226,6.1,-58.7837837837838,0.0,144593.0,10.866348210794264,0.2211070601771725,6.4,14.285714285714302,1.0,-106.89655172413792,-90.9090909090909,98.3317,16.11987076234158,0.141354415645134,101.131,8.180356575531356,0.2425502768958587,88.3,22.980501392757667,4.004711425206109,589000.0,3788000.0,0.07,0.0
2021-07-01,271.994,5.25757716479367,0.4913841515680195,278.612,4.203491003205273,0.3699767638741358,16223.5,13.420909129042634,0.2465458859586267,109.275,4.505374698749098,0.484606613454952,231.85,20.129533678756477,1.2887723896898071,5.4,-47.05882352941176,-8.47457627118644,146761.0,5.401465096236713,0.6439357572931348,3.5,-45.3125,-1.5,-193.75,-236.36363636363632,100.0668,5.3293713823777455,0.4199770593176222,101.1688,3.2524868100706428,-0.0419913586723885,81.2,12.00000000000001,-5.029239766081872,371800.0,3001400.0,0.1,0.02
2021-10-01,276.434,6.219044069333601,0.929945561490686,281.623,4.583704693998825,0.6839226341568194,16694.0,13.364117886730952,1.3139129115460555,110.741,5.361254352748657,0.6306396357919741,240.465,22.37404580152671,2.0311611605665414,4.5,-33.82352941176471,-4.255319148936176,148566.0,4.261963745587494,0.582237688380971,7.4,111.42857142857144,1.6,-633.3333333333334,166.66666666666669,100.3542,3.966408911211139,1.3724866281800585,101.0183,1.8449653996524429,-0.0362179369827742,71.7,-12.347188264058673,-1.5109890109890056,285200.0,2362600.0,0.08,0.0
2022-01-01,282.39,7.5697666445729395,0.5633742628415206,286.811,6.060527619794232,0.5574624589353538,17017.8,12.838908596624998,0.6642808553429358,112.776,6.30921071236672,0.4945598417408492,246.453,20.338378906249982,2.1194341545881734,4.0,-37.5,2.564102564102577,150014.0,4.966553779842697,0.167598138392,-1.0,-113.51351351351352,1.8,-53.84615384615385,-325.0,101.2146,2.4299311328917605,0.0195662227703508,100.8647,0.6052390883910297,-0.0760836722260016,67.2,-14.936708860759497,-4.815864022662875,236600.0,1708600.0,0.08,0.0
2022-04-01,288.764,8.251859404990402,0.4211397551060258,290.515,6.157162954707385,0.5099622544898486,17493.8,9.920201068174684,0.7046064220500137,114.845,6.7015385758882,0.31094690319593,265.31,21.757687012391003,2.036813402355264,3.7,-39.344262295081954,2.77777777777779,151642.0,4.875063108172584,0.1796921450749833,0.3,-130.0,1.4,39.99999999999999,-33.333333333333336,102.9024,4.64824669969095,0.2232325475391983,100.368,-0.754466978473467,-0.2160355439612016,65.2,-26.16081540203849,9.764309764309775,213200.0,1429400.0,0.33,0.13
2022-07-01,294.977,8.449818746001725,-0.0064407652985098,295.055,5.901755846840762,0.3684024328847846,17744.0,9.372206983696495,-0.0202844328247131,116.662,6.760009151223967,0.0265795543209046,272.274,17.43541082596507,-2.846376997762712,3.5,-35.18518518518518,-2.777777777777779,153038.0,4.27702182459917,0.4529104418830476,2.7,800.0000000000002,-0.7,-53.33333333333334,-200.0,103.0505,2.981708218909773,0.2218388211129074,99.57864,-1.57178893097476,-0.2453828799384827,51.5,-36.57635467980296,3.0000000000000027,219400.0,1390200.0,1.68,0.47
2022-10-01,297.863,7.7519407887596925,0.5135975109755275,299.351,6.294940399044124,0.3577127837899541,18096.2,8.399424943093337,0.6059864792741454,117.891,6.456506623563096,0.4379052114128035,265.061,10.228515584388576,-1.0589851361339164,3.6,-20.0,2.857142857142869,153897.0,3.5883041880376387,0.2351240100041618,3.4,25.92592592592591,1.3,-18.75,-533.3333333333334,103.4442,3.079093849584757,-0.0853837342054686,99.10165,-1.8973294937649765,-0.1277255430628288,59.9,-16.457461645746175,2.2184300341296925,202800.0,1414600.0,3.08,0.52
2023-01-01,300.356,6.362123304649603,0.5167128495508821,302.709,5.5430231058083645,0.4266429569077301,18475.2,8.563974191728674,1.8781776272980943,119.007,5.525111725899135,0.510122209741315,260.227,5.588895245746639,0.9034614594198408,3.4,-15.000000000000002,-2.857142857142858,154773.0,3.1723705787459755,0.3123967049277087,2.8,-17.647058823529417,4.1,127.77777777777776,-510.0,102.7476,1.5146036243782968,0.9044787904143092,98.92989,-1.9182231246412276,-0.0166150679868581,64.9,-3.4226190476190466,8.528428093645491,202750.0,1608500.0,4.33,0.2300000000000004
2023-04-01,303.032,4.941059134795189,0.4268519009491323,306.539,5.515722079754926,0.4676971079472292,18638.7,6.544604374121121,0.6882282713801979,119.97,4.462536462188171,0.3487992773079762,256.908,-3.166861407410193,-0.0599077265406755,3.4,-8.108108108108114,-2.857142857142858,155484.0,2.533598871025178,0.1791167867221554,2.4,-14.28571428571428,0.7,-50.0,-163.63636363636363,103.2241,0.3126263333022461,0.3985826874277176,99.02001,-1.343047584887613,0.0611260038448024,63.7,-2.300613496932513,2.741935483870983,216600.0,1713200.0,4.83,0.1799999999999997
2023-07-01,304.628,3.271780511700917,0.2055900764137197,308.945,4.707596888715648,0.2270920858407965,18850.5,6.235910730387739,0.5783770228523055,120.598,3.373849239683868,0.1353427159878739,253.835,-6.772222099796521,-0.0098479476877022,3.5,0.0,-2.777777777777779,156211.0,2.073341261647444,0.1179283072801462,4.4,83.33333333333334,0.3,-142.85714285714286,0.0,103.0722,0.021057636789723,0.6752236012771862,99.33507,-0.2446006492958785,0.1084074475321772,71.5,38.83495145631069,11.370716510903424,236400.0,1774000.0,5.12,0.04
2023-10-01,307.531,3.2457874929078256,0.0790789096873245,311.39,4.021700278268647,0.2401462767669615,19069.5,5.378477249367264,0.2344296159243919,121.421,2.994291336912913,0.0280095891652454,255.192,-3.723293883294776,-1.4451559084554422,3.8,5.555555555555558,0.0,156832.0,1.907119696940152,0.1053189248533481,3.2,-27.27272727272727,-0.2,-115.38461538461536,-125.0,102.5781,-0.8372629881617244,-0.7066241659656747,99.53435,0.4366223973061967,0.0522705786503818,63.8,6.510851419031716,-5.899705014749268,210500.0,1814250.0,5.33,0.0
2024-01-01,309.685,3.1059809026621865,0.305433015268397,314.438,3.874678321424208,0.3923897461439507,19308.5,4.510370659045626,0.0964235169700122,122.115,2.6116110817010707,0.4218680613805592,251.306,-3.428160798072444,0.5763089015712319,3.7,8.823529411764719,0.0,157560.0,1.8007016727723757,0.1627422061740269,1.6,-50.0,-1.1,-126.82926829268293,-375.0,101.483,-1.230783006123748,-1.118474065802788,99.85411,0.9342171511562248,0.1366154194212487,79.0,21.7257318952234,13.34289813486369,209500.0,1782750.0,5.33,0.0
