date,CPI,CPI_yoy,CPI_mom,coreCPI,coreCPI_yoy,coreCPI_mom,PCE,PCE_yoy,PCE_mom,corePCE,corePCE_yoy,corePCE_mom,PPI,PPI_yoy,PPI_mom,unemployment,unemployment_yoy,unemployment_mom,Nonfarm,Nonfarm_yoy,Nonfarm_mom,GDP,retail,retail_yoy,retail_mom,industrial production,industrial production_yoy,industrial production_mom,OECD leading,OECD leading_yoy,OECD leading_mom,consumer sentiment,consumer sentiment_yoy,consumer sentiment_mom,initial claims,continued claims,interest rate,interest rate fluctuation,year,previous interest rate
1993-04-01,-1.0713735442062808,0.5733921882970427,0.5915115400485446,-1.0024375661132316,1.6412092745266358,2.006291337817544,-0.9764940448082273,0.6078736194889229,1.4682375251192374,-1.0083371545291586,0.5143570986782331,0.36475108484734914,-0.7985714285714285,0.03164348443917447,0.18759929715855958,1.0,0.25623225965691654,0.3866317169069463,-1.8498992341797662,-0.02320928013396271,0.8781049802020251,-0.16666666666666682,2.090909090909091,2.166666666666667,-1.9742990654205608,-2.5623583542149486,0.20958352954530135,0.09807451169711175,-0.010253146655351505,0.08902957436587916,-0.648049210579984,-0.16915422885572173,0.6712303727757553,-0.027841863338758953,0.22193211488250653,0.18122948239420786,2.96,-0.1099999999999998,-0.9375,3.07
1993-07-01,-1.0607996858053506,0.3493829817759911,-0.2764654832843965,-0.9886400220760703,1.2562932705833307,-0.6160961905300386,-0.9632894345628489,0.5833643718447781,0.7506953213757717,-0.9947475926466295,0.38706142987783126,-0.11509327238844158,-0.7999999999999998,-0.18000344725481884,-0.6547136977403873,0.8888888888888893,-0.32452707110241275,-0.3866317169069463,-1.7882305521966948,0.340761943819234,0.9009702995612008,-0.3333333333333335,1.0909090909090908,1.0714285714285714,-4.55607476635514,-2.5562093236066312,-0.09682693201468234,0.07467338343774357,-0.23882760571347605,-0.15959177638600727,-0.35202979291470937,-0.5970149253731345,0.0,-1.0513808384071957,0.18067885117493473,0.1877951162476953,3.06,0.02,-0.9375,3.04
1993-10-01,-1.0441836226038883,0.28083455031976945,0.859247707477274,-0.971776357141762,1.1377919716691833,1.30865444136954,-0.9521136121167604,0.37673147749214914,0.3065024969962227,-0.9787402559506438,0.33044132439690754,0.5806024525627939,-0.8014285714285714,-0.21667346689523445,0.0,0.8333333333333334,0.0,0.4039435848281554,-1.7338976219266424,0.592912757739775,0.7210137113654809,1.2083333333333333,0.2727272727272727,0.4285714285714286,0.6074766355140186,-2.492170462417362,0.08517019968892064,0.6374811075455673,-0.04558761137038584,-0.06612497050776742,0.8793190014806672,-0.3134328358208955,0.7971468288399614,1.260626035828693,0.17023498694516973,0.22574987633223906,2.99,-0.0999999999999996,-0.9375,3.09
1994-01-01,-1.0336097642029576,0.06268693047079224,-0.8484641378881269,-0.9549126922074537,0.9336401983211051,-0.6345524527780205,-0.9429665774699618,0.30935908455361977,-0.10559016476561905,-0.9720288465546706,-0.010364502271532218,-0.6863945068275772,-0.8014285714285714,-0.2044262085362871,0.094195093978016,0.7222222222222222,-0.2511415525114157,0.4163726182074806,-1.664248286981056,0.7354737551895326,0.673804830960947,0.4999999999999999,-0.9090909090909091,-0.29166666666666674,-0.4724818276220145,-2.415534213069467,0.19627435673089783,0.13555048898723915,0.4264036204214378,0.14204393986274388,1.1542725585140747,0.2636815920398009,0.32897930594296165,1.409906094979263,0.2684073107049608,0.12195889733327338,3.05,0.0899999999999998,-0.875,2.96
1994-04-01,-1.0200148034017615,0.0,-0.5679087134852937,-0.9395820877217188,0.6487275620688623,-0.6427688008662371,-0.9279255644752261,0.6001831767452384,0.4757646921163123,-0.9548959939972484,-0.007468926632657741,-0.303846756745471,-0.7928571428571427,-0.28996654132028277,-0.37519859431711894,0.6111111111111115,-0.2759019872660607,-0.4163726182074806,-1.5845223700120918,1.0944281851079858,1.0786274384033718,1.1666666666666667,-0.2727272727272727,0.0,0.0,-2.3204679762933043,0.45680538600803394,0.4614169366149566,0.7094611794654196,0.5011073097495469,0.44204011280368144,0.17910447761194007,0.49606160264959737,0.2791724090075099,0.10966057441253264,0.1462427485721995,3.56,0.2200000000000002,-0.875,3.34
1994-07-01,-1.001888189000166,0.24222299618319446,0.5467252782601205,-0.9211853623388372,0.8796174102815538,-0.022252489206952972,-0.9192682372282562,0.31013003023648383,-0.24921924917439142,-0.9354704239443078,0.17828722634046618,0.5857164104257558,-0.7785714285714284,-0.1576823919255793,-0.19040161031113623,0.44444444444444436,-0.4349480510886115,0.0,-1.5022974607013302,1.2682147246141793,1.1917288423812091,-0.1250000000000001,0.0,0.1,0.15186915887850466,-2.246833548563656,0.7627525673775765,-0.07485578961931798,0.7124310564276578,0.6936187696398474,-0.17451656924626047,0.0,0.9760185925498817,-0.43609895058356685,0.09086161879895562,0.07698880244637316,4.26,0.0099999999999997,-0.875,4.25
1994-10-01,-0.9867826769988369,0.17773591712397382,-0.5720428188682732,-0.9043216974045285,0.853187095794189,-0.03544060796135017,-0.9031253825839063,0.5406038187196855,1.1055454075236673,-0.921297261244737,0.1058372805055527,-0.07318569844721803,-0.7757142857142855,-0.12143419478334769,-0.46721527436968224,0.2777777777777778,-0.7201853344077361,-0.4587155963302787,-1.4336960902861748,1.38389144616297,0.2458169043708157,0.8333333333333334,0.5454545454545455,0.75,0.6834112149532711,-2.1419921490819194,0.9303473383851033,0.7135976157253222,0.5788573044830936,0.42319689703810415,-0.43641324254468583,0.18407960199004994,0.7497065919027528,0.30079987004945485,-0.0010443864229765013,0.0,4.76,0.0299999999999993,-0.875,4.73
1995-01-01,-0.9701666137973748,0.36664166951765403,0.2513280787584714,-0.8859249720216468,0.9097091175285281,2.442595772682638,-0.8964268849362508,0.38229625124380895,-0.3739096855286801,-0.9085414148151235,0.3011768893262011,0.07855954224104406,-0.7471428571428569,0.11921103492170036,0.5381745218732495,0.16666666666666657,-0.7610350076103501,0.4920767306088397,-1.3493752519145505,1.4970042779983597,0.9225162515434008,-0.5416666666666669,0.09090909090909093,-0.2857142857142858,0.48598130841121495,-2.030308990926116,1.0647842624781643,0.0,0.20627916843444796,-0.2689036953698248,-1.2228176340623427,0.42786069651741276,0.19292486934893646,0.5614892348483869,0.0,-0.05531321671088726,5.53,0.08,-0.8125,5.45
1995-07-01,-0.9384450385945833,0.33722979532717834,-0.30686698658022327,-0.849131521255883,1.0203725270250037,-0.07734252311095322,-0.8756143204435352,0.16489206845703797,-1.230971980824944,-0.8804035182792107,-0.0015042343443209718,-0.2712218718119593,-0.7128571428571427,0.20813213885578902,-0.37519859431711894,0.22222222222222243,0.026760985103676232,0.48328964613368885,-1.2790004030632809,0.6224259541544042,-0.4038090639553495,0.33333333333333326,-0.5454545454545454,-0.5,-0.15186915887850466,-2.015778805942065,0.3509179957909365,-0.6990347687875071,-0.7495757318625356,-1.2768077161918197,-0.47882419008401905,0.2686567164179108,0.35932547961518935,0.404177733994271,0.395822454308094,0.0438908126096146,5.85,-0.1500000000000003,-0.8125,6.0
1995-10-01,-0.9248500777933869,0.2750549394600058,0.229777610764147,-0.829201735424428,1.1553962129437834,1.12407605976561,-0.8679713870962102,-0.3031731460205735,-1.1932077384040538,-0.865021468172912,0.028620870957146965,0.3305712184011325,-0.7128571428571427,0.18352242757488096,-0.28626873579987683,0.11111111111111122,0.15371595024405665,-0.48328964613368286,-1.226440951229343,0.4643305860397676,-0.08760608318043375,0.0,-0.6363636363636362,-0.22222222222222215,-1.2149532710280373,-1.9216875197769563,0.28791691857120083,-0.4106683599033971,-0.8494979493706598,-1.2516521967895535,-0.22090990999208965,0.05970149253731359,-0.2085925341601599,0.33065014530081843,0.3968668407310705,0.08027161937311687,5.76,-0.04,-0.8125,5.8
1996-01-01,-0.9067234633917919,0.3086387176257435,1.2968095686571444,-0.8138711309386931,0.9650194452479598,1.710907128257027,-0.8554138902006053,-0.026181125090108375,-1.4417358499707553,-0.8533077660594437,-0.013416578027659649,0.16673953956169926,-0.6985714285714284,0.0584329394778852,0.15625812579554055,0.16666666666666657,0.6278538812785398,0.0,-1.203143893591294,-0.09245753719350161,-0.9447504932038491,0.12499999999999993,-1.0,-1.0,-0.6074766355140186,-1.9184718932001448,-0.18028211318708096,-0.8377913994459892,-0.809694526941025,-0.9204456726661547,0.31225831712225427,0.014925373134328221,-0.5848956533813705,-0.328416647626835,0.42297650130548303,0.06723029185591582,5.56,-0.04,-0.75,5.6
1996-04-01,-0.8855757465899309,0.3390295557446375,0.7439359751535618,-0.8000735869015316,0.5344105449290008,-0.7129441101204477,-0.8340241705580917,0.6751059839810406,0.8000179112765764,-0.831589478510984,0.11079049293591317,0.5143757507909887,-0.6828571428571426,-0.01598291435079913,0.5056572827683686,0.16666666666666657,0.3117619272555504,0.4920767306088397,-1.13559048770657,0.09804932313324047,-0.0026934322907777052,1.7083333333333333,0.09090909090909093,0.5,0.2699896157840083,-1.7749745572099291,0.4572107905412526,0.9282327582687876,-0.51160373355961,-0.1661765233631604,0.8442938075503574,0.18407960199004994,-0.019827036733624927,-0.16992632044080422,0.2689295039164491,0.05351441291541125,5.22,-0.0899999999999998,-0.75,5.31
1996-07-01,-0.8719807857887344,0.3757217879513047,-0.05836133770306818,-0.7832099219672234,0.5927585537683846,-0.12500151819896455,-0.826346258110779,0.32509273403039934,0.1833913742789061,-0.820584434532494,0.11561762805587003,0.11603915481234055,-0.6742857142857142,-0.0292188659382745,-0.37519859431711894,0.11111111111111122,0.3062164543779548,1.0212913276787297,-1.0662636033857316,0.4822268244088461,0.4241188901442848,0.375,-0.1818181818181818,-0.1666666666666667,-0.6074766355140186,-1.6787879824508871,0.7527568272752495,-0.2180660711634345,-0.2605006364022005,0.31611606547843263,0.4424462438147286,0.283582089552239,-0.013244717691838964,0.5338568284851902,0.03655352480417755,-0.07554975940999235,5.4,0.1300000000000007,-0.75,5.27
1996-10-01,-0.8538541713871394,0.5049786048161349,0.4600235897486359,-0.7663462570329146,0.408771843649904,-0.1367979432558313,-0.8129492628154679,0.5806852173724321,0.6298719273755408,-0.800908749843678,0.24198062510122217,0.526113369005589,-0.6742857142857142,-0.0292188659382745,-0.5488962274896658,-0.055555555555555365,0.1278538812785392,0.0,-1.0141072148327288,0.46838013405251067,0.497839733430736,0.625,0.45454545454545453,-1.0,0.3738317757009346,-1.6067870246046732,0.6412886445795425,-0.24173744123276625,-0.12192052043558299,0.5147360794229356,0.3370436078903515,0.37313432835820903,0.41875035841560226,0.4174100243051611,0.057441253263707574,-0.10230696586769798,5.24,-0.0599999999999996,-0.75,5.3
1997-01-01,-0.835727556985544,0.4877831862401318,-0.07027992174106168,-0.7510156525471797,0.38913236945060414,0.4417381013900345,-0.798502894520524,0.6328232985971958,0.6347749107599749,-0.7885697611405227,0.2534298999849079,-0.250288616274479,-0.65,0.04776055104252758,0.14226158940218306,0.0,0.13678245270711162,-0.5011892626571566,-0.9576783555018138,0.7526268775575788,0.2592917893903136,-0.041666666666666706,0.3636363636363636,-0.4375,0.8504672897196262,-1.495796594514619,1.0807606371875609,-0.017612865126445273,0.052177909772310876,0.6258395922199476,0.4844993671256275,0.4179104477611944,0.553925821691683,0.14338141522094944,0.057441253263707574,-0.07757341367990286,5.25,-0.04,-0.6875,5.29
1997-04-01,-0.8281748009848794,0.05063726081906144,-0.5902056714947674,-0.7341519876128715,0.5266789690967847,1.0123498739095298,-0.7900729314234746,-0.029798109397704435,-0.6342414834554114,-0.7765225728458875,-0.0664724888519747,-0.3943012585350935,-0.6885714285714284,-0.38300838167153317,-0.6375870849619031,-0.11111111111111122,-0.19059849967384201,-0.5204657727593568,-0.8834340991535671,0.795487908204648,0.6601225936020644,1.7083333333333333,-0.9090909090909091,-0.875,-1.4174454828660439,-1.36996810030018,0.9712259274750241,-0.12516842287658808,0.31036628482533835,0.5898267079900187,0.6667476062686204,0.6169154228855726,0.5743093247368748,0.31831811349342715,-0.06788511749347259,-0.22462562396006655,5.51,0.1200000000000001,-0.6875,5.39
1997-07-01,-0.8206220449842148,-0.14392182297604242,-0.3332368853330116,-0.7218875040242839,0.2735700631208005,-0.16716326064778325,-0.7744197841789532,0.3189479212510417,1.6026213862261394,-0.7723539955813076,-0.28743569605910485,-0.5683381017171062,-0.6899999999999997,-0.4611669778603029,-0.6377933652218509,-0.22222222222222196,-0.37214611872146014,-0.5412844036697243,-0.8166868198307135,0.7576839690489129,0.6548485758295965,0.9999999999999998,0.818181818181818,5.999999999999999,0.520694259012016,-1.2432416252597718,1.0671869738269584,0.7435724415255597,0.5630179606844864,0.588678871872258,0.5557433179154818,0.900497512437811,0.8146406494448664,0.533631388443569,-0.13838120104438642,-0.2738678778612223,5.52,-0.04,-0.6875,5.56
1997-10-01,-0.8040059817827526,-0.2015788834794925,-0.08041755731119984,-0.7080899599871224,0.10028627013962473,0.403040038203061,-0.7588715742343951,0.3819498255156393,0.7302245786690437,-0.7590979198799446,-0.49759632358620837,-0.24977042591959697,-0.677142857142857,-0.36040618812560127,-0.11322169346156881,-0.33333333333333315,-0.25355637513171747,-1.104662048305566,-0.751309955663039,0.8591756775052031,0.9073390011876563,0.33333333333333326,-0.45454545454545453,-0.125,-0.3037383177570093,-1.046626585363766,1.5328423792604056,0.806066981955048,0.6733276764248278,0.5641145034764052,0.13417651380183226,0.8258706467661691,0.5772213024133782,-0.03340561284395624,-0.2454308093994778,-0.3224355803390745,5.5,-0.04,-0.6875,5.54
1998-01-01,-0.796453225782088,-0.530885884023778,-0.3383318396228756,-0.6927593555013876,0.0829650761413098,0.38952607004238626,-0.7497420291375905,0.10798750419638871,-0.9626041147352946,-0.7580974613364454,-0.8547164436574286,-0.6143597102255095,-0.7114285714285712,-0.8131176057925406,-1.6045066070067568,-0.388888888888889,-0.5828379426208331,-0.5758344719890751,-0.6795646916565901,0.9763699410134938,0.45626238642633593,0.5833333333333331,-0.09090909090909088,0.1428571428571429,0.4049844236760125,-0.9276826108151085,1.5267826910473234,0.29051880773724176,0.6158393437986092,0.3726604162104712,-0.2545686832383159,0.8756218905472637,0.5782278530347414,0.9134649588996958,-0.12845953002610966,-0.26874128704411565,5.56,0.0599999999999996,-0.625,5.5
1998-04-01,-0.7934321233818222,-0.6704114904766725,-0.33896163258367773,-0.6789618114642261,-0.08692285271350757,-0.19551103382253524,-0.7325672910436015,0.4746167774228122,0.7667365487448777,-0.7555129434324062,-1.1508380760042793,-0.2760535785250894,-0.7185714285714283,-0.574974659004224,-0.19662572685344115,-0.5555555555555556,-0.8100546154534874,-2.303337887956287,-0.6286174929463926,0.7620984143117611,0.547925521096903,0.4583333333333332,0.818181818181818,-0.8571428571428572,1.2149532710280373,-0.8868458637292708,1.1674090042888383,0.17753824350073097,0.419827464290766,0.0,-0.6651100610878008,0.9800995024875626,0.43266480784164546,0.45005981245159293,-0.2349869451697128,-0.35211584296442866,5.45,-0.04,-0.625,5.49
1998-07-01,-0.778326611380493,-0.44797515517930153,0.16553347709128804,-0.6636312069784912,0.05061721048460831,-0.2054131139442459,-0.7147454395998393,0.5278295260263561,-0.0921918588886182,-0.7466755596314973,-1.0077774147043197,0.2773544340587343,-0.7185714285714283,-0.5638686986642328,-0.28598370420203884,-0.44444444444444436,-0.1204454384493528,0.0,-0.5670294236195083,0.7044285486598337,-0.22819098930806692,0.9999999999999998,-0.9090909090909091,-0.29166666666666674,-0.5315420560747663,-0.9115959257327088,0.5761133727686224,-0.6760822805740617,0.06259369254702453,-0.496688953116773,-0.9145336567477416,0.8059701492537317,-0.14879405784284372,-0.03368847629240135,-0.005221932114882507,-0.21608130593155553,5.54,-0.0199999999999995,-0.625,5.56
1998-10-01,-0.7677527529795622,-0.6358995479866237,0.16119220289874533,-0.6498336629413297,0.03554602312272452,-0.7803181087866697,-0.6957168092064993,0.6356715269579143,0.5162010224741084,-0.737796490057943,-1.145715149672542,0.1530334678518571,-0.7314285714285713,-0.7641151286693352,-0.19532753961015703,-0.44444444444444436,0.23778295929272333,-0.5883526126844821,-0.5072954453849254,0.6437832444682486,0.1413426631831396,1.6249999999999998,1.2727272727272725,-4.25,1.1474558670820354,-0.7194707899665604,0.526105638006021,0.5661684566463597,-0.09844435016263171,-0.7165612428756903,0.0,0.4179104477611944,-0.5370125560361516,-0.6451711291220406,-0.2391644908616188,-0.3683950173134865,5.07,-0.4399999999999995,-0.625,5.51
1999-01-01,-0.7556683433784991,-0.5051480680614416,-0.09536736909868417,-0.6314369375584481,0.16768018630962378,-0.7880506050384718,-0.6825821571610965,0.7804508496965993,-0.7274096503991211,-0.7305014798449289,-0.9527564592751849,-0.20471418610169306,-0.7471428571428569,-0.6237091485062364,-0.2845306929623794,-0.5555555555555556,0.030027794322018013,-0.6150959132610556,-0.44651350261991135,0.53871914876286,-0.3682752375046456,0.4583333333333332,-0.1818181818181818,0.25,0.0674974039460021,-0.6656347013999938,0.27745615087487524,0.25471949583509096,0.20401640503465124,-0.424329949148773,0.9721544049017544,0.741293532338309,-0.19796297846738167,0.7107532360683592,-0.0762402088772846,-0.2579484642712596,4.63,-0.0499999999999998,-0.5625,4.68
1999-04-01,-0.7375417289769036,-0.0602798039524042,1.9061883634850854,-0.6207055144184334,0.00424552108671989,1.4512009453690085,-0.6606152823687848,0.9316243251970673,1.8275397477949236,-0.7155362874650877,-0.5738664429809786,1.3429000375428308,-0.7371428571428571,-0.4871706297614147,0.5329595040809617,-0.5555555555555556,0.6278538812785398,0.6443861948449104,-0.3746876259572753,0.7006585234956109,0.9223113562978332,0.2916666666666666,0.3636363636363636,0.29166666666666674,0.8504672897196262,-0.5897168367128764,0.39509679463965675,0.03573662698580781,0.5624522698345272,0.026907798635468442,0.7745865618593377,0.7761194029850745,-0.2782501183989945,-0.16467137994406164,-0.26109660574412535,-0.3026487385888384,4.74,-0.0699999999999994,-0.5625,4.81
1999-07-01,-0.7254573193758405,-0.1591236158308536,0.8918245398688013,-0.6084410308298458,-0.15901922884202796,0.8766319253507548,-0.6452069888241776,0.7811349025609674,0.21694182447420868,-0.7046979865771811,-0.5163546616157094,0.3625199132216988,-0.707142857142857,-0.24622676106033808,0.06945069826916574,-0.5555555555555556,0.22044647387113148,0.0,-0.3079403466344216,0.7301781899980285,0.7747047082636173,1.1250000000000002,0.45454545454545453,-0.571428571428572,1.61993769470405,-0.5040580181135547,0.7866240669439049,0.45350494577776845,0.7703436571913433,0.4906925761159002,0.3560382503742739,0.8457711442786072,0.015439234194101332,-0.19848609217790006,-0.370757180156658,-0.342492242658632,4.99,0.2300000000000004,-0.5625,4.76
1999-10-01,-0.7043096025739793,0.14345357722664082,-0.1106267791933118,-0.5931104263441109,-0.09952658270760739,-0.2495280504238398,-0.623554925931756,0.8348913402660666,0.10215943331409102,-0.6833548709825336,-0.14028503160197203,-0.0772616475262699,-0.6785714285714284,0.08958644273260409,-0.6361521479036907,-0.6666666666666669,-0.18696093353627688,-0.6443861948449165,-0.24699717855703346,0.7276438734490032,1.0801928163318921,1.6666666666666667,-0.09090909090909088,0.05882352941176471,0.3037383177570093,-0.4047584431578132,0.4317617628304493,1.2495147001083302,0.869763824070138,0.7059849328433638,0.23074266081689804,0.7064676616915426,0.35202973052157116,-0.697129918176883,-0.4501305483028721,-0.4237981742141476,5.2,-0.0199999999999995,-0.5625,5.22
2000-01-01,-0.686182988172384,0.3102743672169865,0.3739796692702277,-0.5747137009612288,-0.11802328088574539,1.3947641419621393,-0.6005561676898056,1.1902073417508727,-0.7943986079433769,-0.6653466171995496,0.18138994938313718,0.3904875668101151,-0.6699999999999997,0.2916375518283406,0.06040462502407744,-0.7222222222222222,-0.011681002442391114,0.0,-0.18008867392180572,0.7646338822172485,0.22293452899149116,-0.5000000000000001,-0.9090909090909091,-3.4999999999999996,-0.23624091381100726,-0.30740876942417994,0.5718449081730486,-0.3067625413584656,0.9231508980342199,0.4988473225759093,-0.034349129904476076,1.1442786069651745,0.4713334563514248,1.2804376737158731,-0.4710182767624021,-0.41750236092998155,5.45,0.1500000000000003,-0.5,5.3
2000-04-01,-0.6620141689702572,0.4702086574915564,-1.0898074298744398,-0.5593830964754939,0.08839893693519218,-0.26982944582953755,-0.5767354005981427,1.1963341292532401,-1.141551030119993,-0.64521238901163,0.32785981535802017,-1.2124136481723295,-0.6357142857142857,0.48517285208600963,-0.4603210582801419,-0.8333333333333334,-0.4380375915896779,-1.3532110091743181,-0.10963321241434905,0.738736730901417,0.4669125104086892,2.0,-1.6363636363636362,-1.0714285714285714,-0.7593457943925234,-0.19993329285292782,0.6657321788701621,0.5070277516475953,0.7471503323433667,0.060917587883520724,-0.5621298304595709,1.00497512437811,0.25112974695535517,0.4292924327104077,-0.6464751958224543,-0.5024059000764491,6.02,0.1699999999999999,-0.5,5.85
2000-07-01,-0.6348242473678648,0.894044035025523,0.3498431481068176,-0.5409863710926123,0.36347668849798626,0.26379019996273945,-0.5610997429036152,1.1593836580938939,-0.07111546962314352,-0.6245779315519614,0.6154763909612758,0.29442075624559394,-0.5928571428571429,0.5740247757413295,-0.458412482854957,-0.7222222222222222,-0.011681002442391114,0.0,-0.08182184602982669,0.4148897766385351,-0.08232536460174876,-0.9583333333333335,-0.5454545454545454,-0.1875,-0.260347129506008,-0.18527482489373845,0.4148539595329334,-0.4230120686172725,0.4353132513081625,-0.36128717781015396,-0.8683037125257136,0.9601990049751246,0.10676418580543175,0.39464760278502337,-0.402088772845953,-0.43926788685524126,6.54,0.0099999999999997,-0.5,6.53
2000-10-01,-0.6166976329662693,0.7862036392639151,-0.13527802735237598,-0.5241227061583039,0.4173133110870191,-0.2905297216917503,-0.5391853367612852,1.1070291684684919,-0.6790122809001241,-0.6073200216766018,0.4761511590214491,-0.2238220252134552,-0.5685714285714283,0.5260748432182375,0.20340666184119105,-0.7777777777777778,0.1806994097338245,0.0,-0.07182587666263604,0.0008276551037609122,-0.9308988650860052,-0.1250000000000001,-0.45454545454545453,-0.5,-0.0714678394722375,-0.20214831222365645,0.019804773837838408,-0.6431329020615391,-0.05107481261490897,-0.8356403500847747,-1.4428803995717154,0.8358208955223881,0.12941591478329115,-0.14402111239184276,-0.3394255874673629,-0.41170121868957144,6.51,-0.0099999999999997,-0.5,6.52
2001-01-01,-0.5910182625640097,0.9823163377953991,1.5152072784729562,-0.5041929203268485,0.46689368577609225,1.311815690880674,-0.522815117967015,0.7993316841580368,0.3914474463065266,-0.5831839593146856,0.6450041047465763,1.3473702236498555,-0.5028571428571427,0.9688124883382677,2.7312088570903628,-0.6111111111111109,1.086187214611874,2.081863091037415,-0.04385328496573962,-0.3144562645210327,-0.9991669590621872,-1.6666666666666667,0.7272727272727273,-0.7857142857142861,-6.682242990654205,-0.2662213822062956,-0.5118518551736213,-0.7855765706660554,-0.7196294724932818,-1.4196992344396715,-1.6320204354156365,0.283582089552239,-1.0347524669093564,-0.7028330095828738,0.06788511749347259,-0.16031838827179926,5.98,-0.4199999999999999,-0.4375,6.4
2001-04-01,-0.5789338529629461,0.6181867187511285,-0.1454027591885125,-0.4857961949439668,0.5902596022498275,0.2214099647754329,-0.5198768735680432,-0.012041822194511394,-0.6002327814041707,-0.5725540872900078,0.3479919922157782,-0.04395348321059942,-0.554285714285714,0.28695383256728646,0.034441519235522106,-0.4999999999999998,2.0752223023311736,0.6294004693834043,-0.06352277307537284,-1.026299328885976,-2.3508578352236653,-0.08333333333333341,1.1818181818181817,-0.5333333333333331,-1.2149532710280373,-0.3647769159062331,-1.172607926757131,-0.6235754813958907,-1.0458138877103575,-1.544894349684547,-0.4205449994864225,-0.029850746268656442,-1.268106401876681,-0.6291809547540633,0.660574412532637,0.11085128389620902,4.8,-0.5099999999999998,-0.4375,5.31
2001-07-01,-0.5638283409616168,0.2585275332506378,-1.5451951946634948,-0.4658664091125113,0.6380955561470966,0.20650916016038912,-0.506217535022824,-0.10944698773906715,-0.42374245505104713,-0.5597982408603943,0.10229285969229607,-0.9872477033648919,-0.5971428571428569,-0.3701699279104121,-2.1007660040113683,-0.388888888888889,2.0028538812785404,0.6014271151885832,-0.08625554212011285,-1.4214410356066254,-1.5087109177192304,-1.791666666666667,-0.5454545454545454,0.5,0.45560747663551393,-0.4933335613919545,-1.6288310711572227,-0.918129074160765,-1.106774147928154,-1.3467293027891658,-0.22643049873597543,0.16915422885572173,-0.9851819176416697,-0.0014707571695691795,0.6736292428198434,0.4108018167918334,3.77,-0.2000000000000001,-0.4375,3.97
2001-10-01,-0.5608072385613512,-0.17139398647733645,-2.0070745514104273,-0.45053580462677645,0.5474782206750203,-0.3320909383044426,-0.48337618273081856,-0.11255794925671175,6.434575819937311,-0.5598399266330397,-0.41339650227723984,0.7522798431732848,-0.6414285714285711,-0.877787128161692,-2.88097915388813,0.0,3.918452171876834,1.6238532110091817,-0.14437726723095526,-1.9521705599810224,-2.4452444808325695,-0.6666666666666667,5.818181818181818,-16.75,-2.142154451549435,-0.564325359833744,-1.8040595046949186,-0.569287595667117,-1.1409913732145331,-0.9841787630915023,0.2364857240383321,-0.3134328358208955,-1.4486386217142335,0.25899911710653034,1.5378590078328982,0.8575797094931871,2.49,-0.5799999999999996,-0.4375,3.07
2002-01-01,-0.5592966873612183,-0.8459784145608494,-0.15055484369991984,-0.43060601879532134,0.5237707992802617,-0.3429826500051207,-0.4883257253790861,-0.873540852264211,-0.24598767906582863,-0.5623827587644336,-1.1970374165750706,-0.4305282059724854,-0.6671428571428569,-1.5151568260375898,-0.02753213728790698,0.22222222222222243,3.901663405088067,0.0,-0.19266424828698106,-2.5433406121319724,-1.5543089970538626,0.2916666666666666,-0.36363636363636365,-0.04545454545454539,0.05062305295950162,-0.5593394282000186,-1.590773172775938,0.5795534105539343,-0.6708952057700424,-0.04901395237362456,1.4711616864677508,0.19900497512437818,-0.15016129344673315,0.9772425535842578,0.783289817232376,0.8782659531411612,1.73,-0.09,-0.375,1.82
2002-04-01,-0.5351278681590911,-0.5215650663183191,1.0011584023769493,-0.4152754143095865,0.3643328977824843,0.6910161284330099,-0.4659565909369153,-0.20824121992304176,1.5037235786960164,-0.535328692317312,-0.7248606500240541,1.0508418929554941,-0.634285714285714,-0.9263607314448585,0.4825840163423914,0.33333333333333365,3.7528538812785417,0.9496217608240849,-0.21176944780330512,-2.5410775766931626,-1.421814850779481,-0.08333333333333341,1.1818181818181817,0.5,-3.2398753894081,-0.46635137562110207,-0.9771562460021508,0.3266647019088957,-0.28862961391599434,0.5410932220698687,0.4290291554107635,0.19900497512437818,0.303352279882259,-0.5170435862168471,1.0,1.0030579664523092,1.75,0.02,-0.375,1.73
2002-07-01,-0.5245540097581608,-0.6507078006333366,0.07068292067899826,-0.4030109307209984,0.0,-0.3578176846507168,-0.45287440754149405,-0.24831455520680265,1.3322119346659094,-0.5222810454791778,-0.7208261881098909,0.15704616457263618,-0.6285714285714286,-0.5743487211854932,-0.12002628828901106,0.2777777777777778,3.0191582291046295,0.0,-0.21426844014510277,-2.3856683841809,-1.3872650667832978,-0.45833333333333337,0.6363636363636362,-1.666666666666667,0.7593457943925234,-0.37288439993500205,-0.24535104508133293,-0.2578882261489505,-0.6269905246782608,0.3104551838812147,-1.3578012537599657,-0.04477611940298537,-0.33539195106814174,-0.8796522324703268,0.5483028720626631,0.8366686153707784,1.73,-0.02,-0.375,1.75
2002-10-01,-0.5064273953565658,-0.24425090657366058,0.0645823871043866,-0.38768032623526355,-0.014974440142886649,-0.8813478409155205,-0.44449691309442624,-0.7641241820422889,0.6024077118383461,-0.5044395347867772,-0.20655116503744467,-0.013694440903411006,-0.6,-0.019072246537746265,0.38221761563935397,0.22222222222222243,1.3196777806496094,0.0,-0.21136638452237,-1.912403948039667,-0.2958449526043108,-0.9166666666666667,0.09090909090909093,0.029850746268656678,-0.17356475300400542,-0.3938201814776486,-0.07378566381629009,-0.5220666773586128,-1.1354476028850171,-0.08478256965839938,-1.0723724552711125,-0.4179104477611944,-0.1983819467794858,-1.2228434568043134,0.7728459530026109,0.8829878131042856,1.75,0.0,-0.375,1.75
2003-01-01,-0.4852796785547047,0.2845723705978877,0.9675843958704546,-0.37388278219810206,-0.3046435623101485,-0.37317527908005194,-0.4259405005509209,0.028970604482891762,-0.15949177688536673,-0.48859894118137487,0.323810332596931,0.5109973220531767,-0.5699999999999997,0.4203265717642999,1.6354593354996712,0.2777777777777778,0.7886725947288309,-0.9021406727828777,-0.21467150342603789,-1.5603033047497568,-0.35529146275233753,-0.25000000000000006,0.09090909090909093,-2.0,0.3037383177570093,-0.3306964055110362,0.12061202251620805,0.7282259596506307,-1.3358435864799816,-0.6401334131479668,-0.35632630363324636,-0.3283582089552237,-0.772408147059394,-0.9401973149281551,0.6422976501305483,0.7559472950487925,1.24,0.0,-0.3125,1.24
2003-04-01,-0.47621637135390726,-0.13702915762145332,-2.419360932383294,-0.3723497217495287,-0.9231120378501527,-1.9105513109059766,-0.4096402399566261,-0.20749392617376028,-0.11577148459455266,-0.47225811830422243,0.0,-1.6044091110416718,-0.5485714285714283,0.31934397136905845,-3.8447227062141467,0.388888888888889,0.7832211129169576,0.45871559633027564,-0.24723901652559452,-1.6669083141688374,-1.1849834635954046,0.375,-0.45454545454545453,-0.0625,-0.0674974039460021,-0.39105782141299344,-0.3962047134505949,-0.9385531428499245,-1.2522132654504279,-0.8831356488566913,0.6288944312163633,-0.14925373134328362,-0.5215728855855868,2.183392316519967,1.073107049608355,0.949543553536898,1.26,0.01,-0.3125,1.25
2003-07-01,-0.4686636153532426,-0.2235965479558789,0.5039018783761473,-0.3585521777123672,-0.8640489889344487,0.12972458348964316,-0.3882155412141247,0.0457140772160465,0.9857251685816716,-0.46296219100420993,-0.11398813204244065,0.48863565533307457,-0.5357142857142857,0.37195272262906676,-0.6172424701075756,0.5000000000000002,1.2600377893245187,-0.42959079656327365,-0.24659411527609834,-1.6421466161158749,-0.946233062655772,1.7083333333333333,0.6363636363636362,0.5,0.5522514868309261,-0.3435247030249114,-0.54939618461673,0.37293054592902947,-0.7144392589449865,-0.1617871263605757,1.6183516526627433,0.09452736318407991,0.17210730056234166,0.3060078205344697,0.814621409921671,0.9374016279174349,1.01,-0.2099999999999999,-0.3125,1.22
2003-10-01,-0.4505370009516472,-0.2334521830021275,-1.294382051768865,-0.3493538150209264,-1.1406762375578687,-0.3858743067049088,-0.36890707802088274,0.38621742576368945,-0.43314766587834547,-0.4414106465463336,-0.01853736352352433,-0.7801848638160453,-0.5128571428571426,0.3182582435009299,0.2679215955087676,0.388888888888889,1.1103100216294168,-0.4436757407128883,-0.2260378879484079,-1.5026949077179923,0.023609508541334888,0.8333333333333334,-0.6363636363636362,-0.5,0.4049844236760125,-0.2992243156103264,-0.3352600863239385,-0.0653268370479327,0.041705557912604316,0.8920601559924949,1.9498142482649619,0.029850746268656442,0.6897255993092969,0.4699971450879516,0.5065274151436031,0.8204793812114943,1.01,0.0,-0.3125,1.01
2004-01-01,-0.4293892841497861,-0.24478670304439257,0.931361325385833,-0.3401554523294855,-1.34739634267146,0.11711731740678592,-0.3444741766794341,0.5394456191737599,0.9054169736929276,-0.4173996415023548,0.202447913274022,0.9079040437717443,-0.4828571428571426,0.30807218581770657,1.1412626776602943,0.22222222222222243,0.46980790426704616,0.0,-0.19967754937525192,-1.2684461546799466,-0.05323257092215096,-0.16666666666666682,0.2727272727272727,0.7499999999999999,-0.9112149532710281,-0.22893379743262895,-0.3144659779095316,-0.02853052706957654,0.6435581954461894,1.56571550699184,1.1412244274339147,0.7363184079601991,1.6490518319281129,2.434771641626325,0.27885117493472583,0.516436569681162,1.0,0.02,-0.25,0.98
2004-04-01,-0.41277322094832397,-0.051995902202186806,-0.18673720689405007,-0.32022566649803,-0.5528509417435806,0.10363409890656387,-0.3269671371355617,0.5457540448262251,-0.6088652882380009,-0.3991829588561421,0.24481595308658,0.0,-0.43428571428571394,0.5000215563145931,0.9475009924622748,0.16666666666666657,0.016742770167427267,-0.9332489718443583,-0.14784361144699718,-0.5994433290308855,0.42732381209905873,0.16666666666666663,-1.2727272727272727,2.75,-0.37123572170301145,-0.1802803410616689,0.04539337990043822,0.2254872401359901,0.7760712770470913,1.6045461881933045,-0.017097501873277913,0.25870646766169175,0.5840143166339157,-0.2892370002973135,0.15404699738903394,0.3838197598596933,1.0,0.0,-0.25,1.0
2004-07-01,-0.3870938505460644,0.4164246421993477,-0.4115165155518312,-0.30642812246086854,-0.5633371011382629,-0.9090934075021142,-0.3042831907935011,0.5436647465620336,1.548764856204707,-0.37588061194714223,0.6297055207574996,-0.41939754743720625,-0.3971428571428569,0.6714630016097394,-0.22392117194807434,0.11111111111111122,-0.4070923552806009,-0.48328964613368286,-0.11229343006852076,-0.32298617404725855,-0.6065843555788434,0.4583333333333332,0.7272727272727273,0.55,-0.514018691588785,-0.12430620290945703,0.06866859899217327,0.6272837380198315,0.6259510677414785,1.0214336951961693,-0.5221622919051809,0.3830845771144281,0.3796220078099506,0.2689694959009067,0.09921671018276762,0.3084948509241355,1.26,0.2299999999999999,-0.25,1.03
2004-10-01,-0.36141448014380434,0.5983911898351367,1.3259143094071393,-0.2895644575265603,-0.24145966565918756,0.08323728462995712,-0.27626493170330735,0.7737307306198451,0.7895700159456147,-0.3532452374004753,0.6437084377335138,1.1006377437195862,-0.3599999999999998,0.7627426770148407,1.3586024929292784,0.11111111111111122,-0.1360350076103501,0.5011892626571506,-0.06513502619911327,-0.11474624405729732,0.8199615388755589,0.5833333333333331,0.3636363636363636,-0.875,0.2362409138110072,-0.03713364520349867,0.2034833434222148,0.8020806896529452,0.43771743742045155,0.2352765704116241,-0.34466000176227807,0.1343283582089554,0.1180352572783978,-0.48391880399783405,0.005221932114882507,0.18347798713855287,1.76,0.1499999999999999,-0.25,1.61
2005-01-01,-0.3493300705427412,0.34786171334879656,-1.0637468866083115,-0.27270079259225205,0.0784329141026591,0.07219414537976096,-0.25867044440946535,0.5185561316933278,-1.0623201868983772,-0.3341114677560548,0.49169325535536307,-0.24565472289838192,-0.3471428571428569,0.624778751769854,0.14369706483418063,0.0,-0.01542097252263134,-0.5011892626571566,-0.03740427247077791,-0.10711980075824186,-0.1933374950649992,0.75,-1.1818181818181817,-0.8333333333333335,-0.5062305295950152,0.07481463110092508,0.3296491510426619,0.18515797218260255,0.38977513788714296,-0.295720003995338,-0.16841920656093445,0.3233830845771145,-0.5519808211046494,-0.2848120822829315,0.10339425587467363,0.13473040428115304,2.28,0.1199999999999996,-0.1875,2.16
2005-04-01,-0.3176084953399497,0.7221057754845515,0.4338673876322314,-0.2543040672093704,-0.005834697690765439,-1.4185807366701804,-0.22706682757052682,0.905467066198664,1.4451695063680021,-0.3050981699945809,0.774467499285303,0.42690570317597626,-0.2885714285714284,0.6714486273159612,0.566520584099842,-0.055555555555555365,-0.02690802348336415,0.0,0.02192664248286981,-0.054547323888938355,0.8498612265699501,-0.29166666666666674,0.5454545454545455,-0.40909090909090906,2.7336448598130842,0.13948635496754433,0.37478211778848836,0.018504922300521167,0.2652524395417857,-0.5039088114270044,-0.2805840356374044,-0.06467661691542276,-0.4809652662917907,-1.00588648298893,-0.10757180156657964,0.027341817691235327,2.79,0.1600000000000001,-0.1875,2.63
2005-07-01,-0.2994818809383543,0.5087947409913975,1.7082546806765853,-0.2435726440693557,-0.1482956547809444,-0.4383183312759548,-0.1963901568812637,1.0924421575406327,1.983290207112872,-0.2866313727124928,0.6250847669820853,1.0738201865359525,-0.2699999999999997,0.5272548984653248,1.0679664460406844,-0.16666666666666657,-0.20547945205479431,0.0,0.08496573962112051,0.1560010948395988,0.8250581840465177,0.20833333333333334,0.3636363636363636,0.3181818181818182,0.15186915887850466,0.15701836156984128,0.24585819112512294,-0.5846768403629232,0.31022486211285605,-0.34614056314702246,0.23104655526020781,0.37313432835820903,-0.04723974578262332,0.14433870657415104,-0.09503916449086162,0.01906732023204569,3.26,0.2199999999999997,-0.1875,3.04
2005-10-01,-0.2360387305327715,1.437633310564578,-0.22568190051894954,-0.22670897913504742,-0.1630693074883524,1.5127133852296288,-0.18157650803644834,0.6535189215900044,0.19703798776046388,-0.23414898495143563,1.41414270801907,-0.11600174325155525,-0.12857142857142856,1.2096708288071405,2.370551907867974,-0.16666666666666657,-0.20547945205479431,0.0,0.11309955663039097,0.001042302918532425,-0.453862530329624,-0.20833333333333334,-0.2727272727272727,0.0,0.0,0.1229292989763027,-0.14377006433606213,1.1838952247112908,0.5224296422005372,-0.020338283363721555,0.719082797466793,-0.7363184079601991,-1.2704618765845712,-0.6535364570457718,0.19530026109660575,0.20632279534109818,3.78,0.1599999999999997,-0.1875,3.62
2006-04-01,-0.21186991133064473,0.904582199654984,1.2181208861311368,-0.1837832865749896,0.1251960396083895,0.49873189772319115,-0.13731045700194142,0.42861101348867026,0.7303964561256567,-0.19954979365542502,1.0082384562185667,1.2588861577738293,-0.1557142857142854,0.5218105042182402,1.0663204193300708,-0.33333333333333315,-0.25355637513171747,0.0,0.2391777509068924,0.2911778305827305,-0.10167942748934622,-0.7083333333333335,0.18181818181818182,0.2777777777777778,1.0124610591900314,0.314626824825321,-0.10824865097231379,0.12008854526617525,0.8901286946683586,0.4213026662022246,-0.147941206531728,-0.07960199004975098,-0.05600382685110244,-0.2926294406323223,-0.3122715404699739,-0.15559652830867474,4.79,0.2000000000000001,-0.125,4.59
2006-07-01,-0.17863778492772003,1.2599403666398128,1.401123236870579,-0.1607873798463873,0.6230155007801422,0.001897681898120997,-0.11069136191125828,0.2688867152025888,1.392795067552473,-0.1694109800325146,1.3019131384035953,0.7047288964383247,-0.11999999999999968,0.6246814900612707,0.09402553575227843,-0.33333333333333315,0.07785388127853984,0.5883526126844882,0.26432889963724304,-0.009534370740177354,0.015421296181758507,-0.8750000000000001,0.0,0.2142857142857143,0.6074766355140186,0.3396420049773794,-0.08648396501193795,-0.2949127446419633,0.7914156413519956,0.3036201152971105,-0.16594966876329859,-0.21393034825870638,-0.8261998194249635,-0.005347157985955742,-0.1535248041775457,-0.11206547645815533,5.24,0.25,-0.125,4.99
2007-01-01,-0.17052612498300612,-0.20896499092938864,-0.16368373969518557,-0.12552698952919736,0.584200447422942,0.45473729804610125,-0.07660422897318853,0.10658252469400972,0.45323088994449245,-0.1503188961607401,0.13082662891875227,0.6697873975140055,-0.15999999999999984,-0.36418122549038423,-1.450949153385759,-0.388888888888889,0.4328184202856305,1.230191826522099,0.3411527609834744,-0.12843342226295293,0.15081716212656318,-0.6250000000000001,-0.2727272727272727,0.0,0.0,0.40630639105782124,-0.2249812770705217,-0.6304260144031225,1.1313251308160006,0.14960435692302482,0.5549303929927474,0.39303482587064714,0.3711567776458469,1.1634454699077739,-0.16971279373368145,-0.04474524441246571,5.25,0.0099999999999997,-0.0625,5.24
2007-04-01,-0.13326082687572702,0.16545318226047165,0.3899003551495936,-0.10794278618405917,0.27551710674575325,-0.36398656400695695,-0.05825769102960987,0.009066486725189202,-0.04194519608932135,-0.11780399349701917,0.3095686551861004,0.2237319723768704,-0.05428571428571404,0.2812547658311181,1.0058668753436644,-0.44444444444444436,0.23778295929272333,0.6150959132610525,0.37073760580411125,-0.39080379707122426,-0.6243280387916778,-0.08333333333333341,-0.5454545454545454,-0.3,-0.20249221183800611,0.56175970033097,0.09681777320073737,0.5507528168140434,1.3556215528213733,0.2877166421042226,0.5286732171015174,-0.09452736318407991,-0.05607991210937259,-0.24974623382705094,-0.13838120104438642,-0.07015334802356434,5.25,-0.0099999999999997,-0.0625,5.26
2007-07-01,-0.10759656198546837,-0.033668707772007096,-0.1136175209697715,-0.09221358598169546,-0.04002075001658306,-0.12783610140919113,-0.03945642478619032,-0.2261875104228664,0.26737980809425216,-0.09425153195214453,0.12310094668140976,-0.14922207413936942,-0.0014285714285713475,0.3750697175478435,0.4576105985636989,-0.33333333333333315,0.6278538812785398,0.5883526126844882,0.3868601370415155,-0.46128085123714,-1.0471803247073812,-0.16666666666666682,0.09090909090909093,0.6666666666666667,-0.34712950600801085,0.5551745076071805,0.0,-0.3999613438606546,1.4317069721397189,0.43004736928443815,-0.06845899684131876,0.06965174129353265,0.4022366337476359,1.2244420485921483,-0.21148825065274152,-0.028556010253181635,5.26,0.0099999999999997,-0.0625,5.25
2007-10-01,-0.08362411443935895,0.9023107089468535,0.4239789556962354,-0.07222247773229716,-0.05488455812069722,0.5231465688834094,-0.01644017699424594,0.1308874648826995,0.0823590898527865,-0.06686397932385672,0.9952503482749069,0.5310670265125005,-0.007142857142857143,0.7663642160017984,0.3948775983994464,-0.33333333333333315,1.25285388127854,0.0,0.3975816203143894,-0.5813436277023849,-0.5686950704545324,-0.08333333333333341,0.2727272727272727,-2.9999999999999996,0.9112149532710279,0.5679429397326581,-0.0005787710622525641,-0.5558054445608347,1.2390185263753246,0.1828323291009263,-0.5749853528456911,-0.4029850746268655,-0.9130563376543045,-0.5519289086582064,-0.05483028720626632,-0.011017673247290551,4.76,-0.1800000000000006,-0.0625,4.94
2008-04-01,-0.011842721409042037,1.1144849978478408,0.10667403380959048,-0.034156586794217424,0.12132653425866216,-1.2677911361721637,0.01637021879427017,-0.19853126364891602,0.0,-0.005127350035432508,1.0414426818082692,-0.0026176816832846382,0.22428571428571453,1.2923424897553988,1.4024520102108926,-0.16666666666666657,1.6463723997970598,-0.5306709839899263,0.3864570737605804,-1.2692567836903976,-1.9325583973921927,-0.1250000000000001,-0.2727272727272727,0.0,0.0,0.49189679207040127,-0.8492404017239726,-1.0070352546142316,0.6690849950501989,-0.6420112389185582,-0.9649369699655994,-1.3134328358208958,-1.8565450897809246,-1.923405565882668,0.27154046997389036,0.35076674011782166,2.28,-0.33,0.0,2.61
2008-07-01,0.06480264648570253,2.268344257801199,2.098788895950722,-0.012617087491759913,0.3364827767804625,0.5616816687240451,0.03644822218724306,-0.18754401364679987,-0.9153523829776035,0.0551502772103884,1.9429012886827108,1.262673911810654,0.432857142857143,2.1499626669552043,2.4013645693638046,0.2777777777777778,2.7732439522005277,0.9665792922673717,0.3425231761386538,-1.7180884498840825,-1.8332778073672558,-2.0000000000000004,-0.6363636363636362,-0.5,-2.4299065420560746,0.3776394222134798,-1.1638034392041803,-0.7412181588553435,-0.0935581954461909,-1.3158237389841525,-2.5490648791168895,-1.383084577114428,-2.1269062269008727,1.725451346344207,0.6736292428198434,0.5416647929127131,2.01,0.0099999999999997,0.0,2.0
2008-10-01,0.034274406731016234,0.9894497556781695,-4.39701336478856,0.0,0.02780243991008134,-1.569858856238132,0.010039001696486286,-1.4170338629370798,-2.887918281184531,0.03038892825878524,0.6182173552547514,-3.8188362522861445,0.16000000000000025,0.6217215273232406,-6.31258772620058,0.6666666666666669,4.138492179150882,1.774702962851565,0.24594921402660216,-2.5185660786936412,-3.109048483502748,-4.666666666666667,-3.7272727272727266,-3.166666666666666,1.5389408099688473,-0.043205706026733105,-2.42735642803581,0.9349878104479719,-1.6599915146372421,-2.4266572058926874,-4.490277993727407,-1.5621890547263686,-1.9001160785363371,-3.5337212846144523,1.4804177545691906,1.0406079956828709,0.97,-0.8400000000000001,0.0,1.81
2009-01-01,-0.04218969501971279,-1.7940325390469467,0.1959776764795636,0.008554477303039945,-0.6726273430972155,0.0,-0.02264896724207286,-2.691046619365009,0.29191351463613124,-0.033932218933677635,-1.9002242860840786,-0.78657945449051,-0.05714285714285714,-1.113916280543126,-0.1797506431229727,1.388888888888889,5.761187214611878,1.8537137111976958,0.06634421604191858,-3.9884293014089804,-4.663114524481543,-3.0,1.0909090909090908,2.5,-0.43391188251001345,-0.5672245550718802,-4.064148928613363,-3.077755750251723,-3.0423419601187796,-3.3558667814244543,-2.6932004562749277,-1.383084577114428,-1.455450765250684,0.4034673348625338,2.4908616187989554,2.0571120205063633,0.15,-0.01,0.0625,0.16
2009-07-01,0.0,-3.1299200808552894,-0.971433595847003,0.03794324610219371,-0.8579384387169127,-1.232133876096607,-0.015810553194466562,-3.298106204739278,-0.011653664507081603,0.0,-3.1263529765692435,-0.7870485370900528,-0.03857142857142841,-2.6392507806170173,-1.3984283047235921,2.3333333333333335,6.475555030703833,0.0,-0.20814187827488917,-5.517150740741508,-2.597598702521511,-0.5416666666666669,-0.09090909090909088,-0.25,0.0714678394722375,-0.796928050355343,-4.146805118171185,1.1508055730185787,-2.2189152877952085,-1.8352805188495696,2.6767242891696954,-1.1442786069651745,0.47439065261923763,-1.3003653813268816,2.433420365535248,3.206367765435985,0.16,-0.0499999999999999,0.0625,0.21
2009-10-01,0.02693312789836992,-1.8739481608532973,0.3904241975880632,0.056922534455533476,-0.6211069358540452,0.6901927877011066,0.0,-2.303309599264791,0.3572627741626599,0.030889157530534807,-1.7875675270029407,0.875284015670705,0.0,-1.1990703865183057,0.32827183158732826,2.6111111111111116,5.5637513171759805,0.552331024152783,-0.256509471987102,-5.188702973485061,-1.8017250452377613,0.7083333333333335,0.5454545454545455,-0.11842105263157897,-0.22780373831775702,-0.6348125785733214,-2.500822904614578,0.041362199582387904,-1.22693395559326,0.2744068306558642,2.3603310709396634,-0.9154228855721398,1.428642240514301,-0.7395251437435671,2.004177545691906,2.8705310968206144,0.12,-0.03,0.0625,0.15
2010-01-01,0.04172142414767149,0.1858600067408974,-0.5807342813415916,0.05894617424765056,-0.8767744971602573,-3.015849700189587,0.01388670269513959,-1.1687419445856504,-0.780063818740902,0.05060652799199627,0.283273104365414,0.15089470374141414,0.09571428571428596,0.557636562790578,2.0003920563381383,2.500000000000001,2.9782812317058944,-0.27337596144935566,-0.2779524385328497,-4.035267476399646,-0.9663131547430024,-0.3333333333333335,-0.36363636363636365,-0.03333333333333343,-0.12149532710280374,-0.49722481163783055,-0.4106327060029942,1.0155104641356614,-0.4566680808937893,2.1272338356315097,1.6962341257084892,-0.72636815920398,1.3637901908515306,0.5598819378415486,1.5279373368146214,2.0371452983765796,0.11,-0.0099999999999999,0.125,0.12
2010-04-01,0.040437455627558384,-0.11411831448670645,-0.7535270932426456,0.06184365849545434,-1.5718632764589036,-1.7366570724781074,0.03595851478741427,-0.295960179266471,-0.22314386645955886,0.05785985243236504,0.26553762797981534,-0.5927708308263706,0.13142857142857167,0.9585875731285511,0.2929639869702075,2.5555555555555562,1.5445205479452082,0.0,-0.2521563885530028,-2.46524216037683,0.3406425861708969,0.4999999999999999,0.5454545454545455,0.9,0.260347129506008,-0.3885263707035884,0.7344530067390526,0.19429020144209674,-0.13348182718144827,2.479640895886273,0.32906924770106244,-0.8358208955223881,0.6728807404801652,-0.3351532710778746,1.4151436031331592,1.937311687727661,0.2,0.04,0.125,0.16
2010-07-01,0.04348876905182687,-0.7410877331592595,-0.07702875423336697,0.07013751552223685,-1.5843086477793014,-1.1584097649383687,0.050964548682162346,-0.4355936320947199,0.027111964961290237,0.06069448497227908,-0.3179161686766352,-0.45291522462748723,0.12714285714285722,0.6256541522540017,-0.011143500485162524,2.277777777777778,0.5313626532083651,0.0,-0.22756952841596131,-1.540198178453598,-1.3085084814691315,0.16666666666666663,0.0,0.7499999999999999,-1.8224299065420562,-0.23508282804094677,1.2979399667342872,0.21943583245236076,-0.2400438410408738,1.5866238560712755,-0.3283923237352878,-1.0547263681592045,0.14288718836902048,-2.0938722966340237,1.3127937336814621,1.757970949318703,0.18,0.0,0.125,0.18
2010-10-01,0.06508965121372785,-0.8671222587615826,0.5884834844481688,0.07729690781707524,-2.037262653102823,-1.3821718386811734,0.07165468632492067,-0.33253621657181526,0.5601627989273965,0.08166242861311446,-0.5703716670924355,0.6021729114860481,0.16285714285714295,0.5944441572142126,0.6484807505618806,2.277777777777778,0.07785388127853984,-0.2848865282472225,-0.21144699717855703,-1.029557677377964,0.48520086413596664,-0.25000000000000006,0.7272727272727273,0.6111111111111112,0.8352803738317757,-0.20528696901538443,0.8081122471393374,-0.5290775813116952,-0.11950926318766733,0.8351399379398032,0.6043238344621191,-1.0597014925373136,-0.3000096333001365,-0.10381123762524054,1.183289817232376,1.6093897558123849,0.19,0.0,0.125,0.19
2011-01-01,0.09759671304058871,-0.4804478409058523,0.4899297440883123,0.09221358598169503,-1.5514187921723914,0.12611831557689143,0.09402382076709141,-0.14303751304974893,0.16089219099236782,0.10921672433198566,-0.38807278950357216,0.5173208955156336,0.25,0.5128293702385853,1.3855844767994505,2.111111111111111,-0.026908023483366267,-0.5820262405050851,-0.19379282547359936,-0.7181854550325627,-0.8915732910720121,-1.5,0.3636363636363636,-3.4999999999999996,0.7087227414330218,-0.1381008988360447,0.5479537374838346,-0.46860257100520286,0.22077499646442836,0.46995931517362644,0.7677667526263071,-0.7363184079601991,-0.05125677032219722,-0.03841742159496843,0.9744125326370757,1.209155911318973,0.17,-0.0099999999999999,0.1875,0.18
2011-04-01,0.14149333091645128,0.5160883660171559,1.0887765643597476,0.10637906452651415,-1.127846568998035,-0.7078418427402371,0.11812442065865639,-0.11883767874103388,-0.10851870656278724,0.1515277835674686,0.45193495111054555,1.0771330296289556,0.39857142857142863,1.115233027555285,1.8046543834341866,2.111111111111111,-0.11288685946220225,0.3007135575942916,-0.132124143490528,-0.435510764515651,0.7022485176268639,0.0,0.18181818181818182,0.2777777777777778,0.3374870197300104,-0.11516390288123513,0.2502112126999557,-0.6003206700533809,0.2168858718710202,0.19856749711178018,-0.5019112728662174,-0.9552238805970154,-0.24923635593066085,0.7155665118093659,0.9096605744125327,1.0764041912128435,0.1,-0.04,0.1875,0.14
2011-07-01,0.1611607075421823,0.8799992394407609,0.2328172792258029,0.12923699581474463,-0.5844273740300119,0.37203214602868295,0.13202861290378992,-0.16092216976308987,-0.0116192370410733,0.169035808078703,0.802698494554575,-0.06944461150522246,0.4200000000000001,1.2577139430946966,0.0070384238512108096,2.055555555555556,0.23778295929272333,-0.2974090130053433,-0.10084643288996373,-0.384829285272619,-0.6314683211687022,-1.1666666666666667,-0.36363636363636365,-0.1666666666666667,-0.07593457943925233,-0.04343661538198324,-0.029722607664130728,0.3252847206730125,-0.25569933531324907,-0.10229208767455586,-1.3631445822065205,-1.2587064676616917,-0.42569067526312515,-2.11754350100409,0.8261096605744125,1.0321536178441337,0.07,-0.0199999999999999,0.1875,0.09
2011-10-01,0.18162867630398336,0.8382881365349099,-0.5698079973285151,0.1489828143923713,-0.11692739993491547,-0.22134456845386213,0.14449866204942527,-0.37319193059137173,-0.41264544347838167,0.18370920005002275,0.6379355874416675,-0.8281433575957751,0.3700000000000001,0.7755496200231837,-1.7963300398024995,1.944444444444445,0.04274749829981609,-0.6014271151885832,-0.05530028214429666,-0.15405952782997975,0.12636872031918464,0.7916666666666665,0.2727272727272727,0.2727272727272727,0.3644859813084112,0.05861676744007054,0.1992171552531122,0.5833798539914663,-0.4775703577994627,-0.3836427622930268,0.0764442812725469,-1.4029850746268662,-0.6942717074931244,0.47363781501489,0.7195822454308094,1.0141655798893736,0.07,-0.0099999999999999,0.1875,0.08
2012-01-01,0.19812389540943512,0.46651816717770545,0.2758034808592209,0.17000107314231394,0.09922824061772649,0.13273020088866405,0.16092134949367728,-0.5299521716819556,0.9479200857621802,0.20726166159489798,0.5254316804379116,0.7058237359129113,0.36428571428571427,0.2569170519407713,0.12633376092433996,1.6666666666666674,-0.17800692458226583,-0.6368051807879116,0.0,0.14060136492923803,0.7557055978105031,0.2916666666666666,0.6363636363636362,0.7142857142857143,6.074766355140187,0.15015949849908974,0.2694085527517892,0.4709224186883047,-0.11441804553811466,-0.36352839702476547,1.0173154636404147,-0.6965174129353235,0.03602661375233992,1.4851122109685144,0.4621409921671018,0.7890003147906642,0.08,0.0099999999999999,0.25,0.07
2012-04-01,0.218440809051223,-0.06605074539280523,-0.16306171954983098,0.18576093455364925,0.14653448355550663,-0.07075517371731598,0.18220613183622772,-0.6134421721886754,-0.31060331807992997,0.22868814873483692,0.010092630980720014,-0.24416040948675707,0.40714285714285714,-0.2956798249183755,-0.6478239196442644,1.611111111111111,-0.2787395253148684,0.0,0.0471584038694075,0.018018061544960412,-0.5044110460341881,-0.37500000000000006,-0.6363636363636362,-0.4,-0.8099688473520247,0.19219355335289007,0.327220252383303,0.6008048311522747,0.0,-0.2667856778440352,-0.14635656815369216,-0.626865671641791,0.5788759851909403,0.093210303040576,0.5039164490861618,0.6736520214057652,0.14,0.01,0.25,0.13
2012-07-01,0.2094228183864293,-0.6855338378679217,-0.7292731385463793,0.20208802833095688,-0.11433088409751563,-0.42290289454991226,0.18190880948633167,-0.9428966953651368,-0.25613483061663334,0.22368585601734123,-0.5236703089580546,-0.6749881243671939,0.3557142857142858,-0.6532001675501943,-0.20802114256997423,1.611111111111111,-0.18696093353627688,0.0,0.07335751713018944,-0.025791212645851134,-0.20548826934876097,-0.8750000000000001,0.18181818181818182,-2.5,-0.3374870197300105,0.22814699518511308,0.20638862920890172,0.009358560557982825,-0.18961250176778682,-0.03499303231570207,-0.4331128860764798,-0.8308457711442789,0.8410011821709205,-0.20203859917570569,0.4073107049608355,0.6581373386697846,0.16,0.0,0.25,0.16
2012-10-01,0.255464418966481,-0.15110889403169875,0.2644949740821747,0.21824648545892145,-0.2614388426644603,-0.35276215699597724,0.2030012067789494,-0.7580531388746602,-0.14837808964755464,0.26061945058151686,-0.010695312011976058,0.4988511680541112,0.40428571428571447,-0.16699045482746086,-0.8654440178848498,1.388888888888889,-0.4138127853881289,0.0,0.11519548569125353,-0.06044139266367607,-0.13587538080297348,-0.9166666666666667,-0.2727272727272727,0.0,0.0,0.21614826091046688,-0.1574797307936782,0.14555768127651034,-0.14344505727619855,0.18656415951036096,0.3451816846169114,-0.31840796019900536,2.2895514583254615,1.1280295389448922,0.36553524804177545,0.6316049826865134,0.16,0.0199999999999999,0.25,0.14
2013-01-01,0.2560837449585354,-0.49255419947560386,-0.030998425786468276,0.23671986386423216,-0.36968646542795336,0.2305827574902884,0.22311418927190985,-0.6877277279169731,0.7156175696203342,0.26482971361874225,-0.46866590111783124,0.021348809773152653,0.3900000000000002,-0.20949092457676358,0.17735814446008244,1.5000000000000002,0.2965285800737192,0.3425850656137469,0.16283756549778317,-0.12654288714925843,0.0,0.5416666666666666,0.45454545454545453,0.4,1.61993769470405,0.27109613526156867,-0.2749662470292525,-0.23720345681695962,0.08614057417621192,0.07539255272332973,0.6680950401331196,-0.7562189054726371,-0.13751622968457897,0.285580545612528,0.20365535248041775,0.5025408103611099,0.14,-0.0199999999999999,0.3125,0.16
2013-04-01,0.25786619537469224,-0.8873122307614452,-1.710166978439187,0.24596421836913,-0.6175019373913256,-1.7498579144965172,0.22813369012015317,-1.0584432102969024,-1.0646386464116662,0.26966526324565454,-0.8574184655525585,-1.2963535369834214,0.40428571428571447,-0.3520850276140458,-0.6480911993749735,1.277777777777778,-0.04287782603853354,0.3608562691131474,0.21225312374042724,-0.11465869345866217,-0.018437375456206398,-0.6666666666666667,-0.7272727272727273,0.625,0.4339118825100134,0.33702503228454933,-0.2040190272699247,-0.338732475381216,0.3275491443925924,0.17930395546418854,0.5301188766216285,-0.626865671641791,-0.0338376549420717,-0.5126237982990139,0.14360313315926893,0.420470387192517,0.15,0.0099999999999999,0.3125,0.14
2013-07-01,0.27452757511215853,-0.3467354181198468,-0.040629388463592424,0.26203069187018013,-0.6370689780839274,0.3253584945121429,0.24413662836455213,-0.7019359842460808,-0.2489331997872877,0.2863812580766186,-0.35617515780062686,-0.27636944924558815,0.41714285714285737,-0.030064772860105594,-0.32070021797664466,1.1111111111111112,-0.37824367969707073,-0.721712538226304,0.25376864167674323,0.0,-0.326456993299178,0.33333333333333326,0.2727272727272727,0.6,1.2149532710280373,0.33310812544364593,-0.32690035587611893,-0.5941814582356248,0.4900438410408713,0.4696599061071018,0.24783166698656553,-0.194029850746269,1.113366491586362,0.2765750563734605,0.13054830287206268,0.4013580968655844,0.09,0.0,0.3125,0.09
2014-01-01,0.310599537771333,-0.5839962366088929,0.1519858029764459,0.2939336798049947,-0.7559572763942783,-1.0670819627695995,0.28020008045192973,-0.8404778240356852,-1.175193296048292,0.320646963191463,-0.527851861938801,0.09853988178183243,0.4085714285714289,-0.24601712148027752,0.6169416490219366,0.7222222222222222,-0.9763127853881286,-0.4039435848281554,0.347279322853688,0.019349224617284447,-0.038709815795980165,-1.7083333333333333,-1.0909090909090908,-0.5625,-1.0934579439252337,0.4264297137579221,-0.17646260242310177,-0.6593310698864218,0.5120350728326934,0.25955735384480866,-0.0665998927767205,-0.38805970149253727,0.6159095106190334,-0.27055832802222124,-0.07049608355091384,0.27229392454018075,0.07,-0.0199999999999999,0.375,0.09
2014-04-01,0.3284240419329012,-0.2528676308277012,-0.07912027660677542,0.31096598138864595,-0.48290940080143535,-0.050893184277387586,0.31229340469069705,-0.26557196965389646,-0.01873155721772361,0.3361957563883445,-0.28558778690850883,-0.03588538181002076,0.4728571428571432,0.0,0.32403926907751995,0.5000000000000002,-1.0607426099495305,-2.019717924140771,0.407496977025393,0.09499037671263537,0.5536138889807937,1.0833333333333333,0.6363636363636362,-1.0,0.6074766355140186,0.5835678061045586,0.09308564020247845,-0.12531188094302279,0.5885447602884959,0.12371788902079532,0.26326624780621605,-0.24378109452736355,0.6192423724771883,1.0554630887817273,-0.1122715404699739,0.13221207896748663,0.09,0.0099999999999999,0.375,0.08
2014-07-01,0.3439827192942704,-0.28246970823557854,-0.38397970363545864,0.32818225022612607,-0.45240797773798946,-0.42875051196208663,0.3371460552319987,-0.09261079444377315,0.027861187616300354,0.3530368085372465,-0.28909188633812405,-0.19730441425460699,0.46857142857142875,-0.0856199683272457,-0.5355541145239452,0.5000000000000002,-0.7534246575342464,0.44367574071289123,0.4702136235388956,0.249698753771891,0.22742497766049982,0.9583333333333333,-0.09090909090909088,0.1666666666666667,0.4049844236760125,0.6663616382591145,0.35327532098276426,0.024155245266644983,0.6562155282138299,0.04597692548265712,0.0795566335672723,-0.35820895522388085,-0.2851150467239997,-0.12663740545220664,-0.33159268929503916,-0.03642577685838917,0.09,-0.01,0.375,0.1
2014-10-01,0.3429555444781802,-0.5465059495921313,-0.9301426178122734,0.34345153229391817,-0.4872767342809162,-0.2408746413627018,0.3651818038721864,0.0137631359980217,0.6522295278980202,0.3527450081287257,-0.5934253965317656,-0.9721959598779817,0.4028571428571431,-0.2743241307226201,-1.9935152057067298,0.22222222222222243,-1.2818683409436844,-0.9174311926605544,0.5288996372430471,0.2904911575398077,0.20756130044552545,-0.29166666666666674,0.09090909090909093,0.5,-1.2149532710280373,0.6805326309127762,0.1302926103619533,-0.1982530279749743,0.6316786875972265,-3.542221884022714e-05,-0.1494962671400961,-0.10447761194029825,1.178932558490603,0.5792726042455302,-0.46736292428198434,-0.13558483608400415,0.09,0.0,0.375,0.09
2015-01-01,0.30242745577861385,-1.8782650821989773,-3.477474809084356,0.3529565070750738,-0.724583939924478,-0.9778249267425618,0.36553159487206394,-0.28739421715367386,-1.4704772089990152,0.3223143940972945,-1.762213737484625,-3.003667713304982,0.24000000000000016,-1.1677450117310333,-3.201091560398461,0.22222222222222243,-0.6221461187214602,0.48328964613368885,0.5900040306328094,0.432925004437785,-0.0018679197346655086,0.375,-0.7272727272727273,0.2777777777777778,0.5062305295950157,0.6660965201104941,0.06498434619004989,-1.1317886567127098,0.49810493565266223,-0.10075066312770807,-0.4442566820845181,0.45273631840796,1.3148137560403568,0.992670667035435,-0.4793733681462141,-0.20164590547286054,0.11,-0.0099999999999999,0.4375,0.12
2015-04-01,0.3247080859805745,-1.7871147967474315,-0.41823619433888587,0.3764889849606768,-0.5061642708202068,0.5060131357559082,0.3904367140633471,-0.4622714269774568,-0.19317260814633294,0.3406561340614446,-1.6998422481453472,-0.43764874460290926,0.22428571428571453,-1.5350833972618991,-0.7240451202605209,0.05555555555555586,-0.5549418176461923,0.0,0.641596130592503,0.3587763253214427,0.3668840996414585,-0.08333333333333341,-0.09090909090909088,0.1,0.08099688473520246,0.5321006764788887,-0.7951884192116614,-0.8532589570652439,0.28922358930844,-0.3329284675021179,-0.533028586690764,0.3432835820895526,0.875353175885504,0.6583506372751136,-0.4960835509138381,-0.26307505508836626,0.12,0.0099999999999999,0.4375,0.11
2015-07-01,0.3520792737269829,-1.5484030374645448,-0.1937946770903163,0.3951769918287875,-0.4655894550709993,0.1269304816859062,0.41768543295380994,-0.43289452555970054,0.2841167020754181,0.3619575638834468,-1.6008322344838335,-0.4258467543853014,0.2671428571428574,-1.3094522589601498,-0.8896039566233023,-0.055555555555555365,-0.8506407423773752,-0.5106456638393616,0.7050382910116888,0.3543908854055326,0.4376854548232835,-0.45833333333333337,0.45454545454545453,2.0,4.859813084112149,0.5204525823362891,-1.0660651796287266,0.5008319711074957,0.03330504879083587,-0.5957150860678089,-0.7639316393655308,0.20398009950248733,0.8613089637852587,-0.5764963696352442,-0.5822454308093995,-0.2961280748302379,0.13,0.0,0.4375,0.13
2015-10-01,0.34753251461458295,-1.61940437427763,-0.44010784905742434,0.4136197090251266,-0.36492605380849596,-0.08180281179904111,0.4229322979519735,-0.9094771073703019,-0.6960654560885607,0.3566217849847849,-1.7132589579457522,-0.8378166437890244,0.17571428571428588,-1.4582397418329054,-1.3172625423962654,-0.16666666666666657,-0.49787711287350833,0.0,0.7530028214429666,0.26623658545825574,0.546137469670376,-0.8333333333333334,-0.5454545454545454,-0.375,0.3644859813084112,0.4406605717999814,-1.3358589011459836,-0.7638681739978693,-0.2798331211992655,-0.8305491238274209,-0.6875558568797892,0.049751243781094544,0.19732142280661288,0.6767010163243112,-0.6945169712793734,-0.32954085533120475,0.12,-0.02,0.4375,0.14
2016-01-01,0.346308968142475,-0.8158584693960288,-1.0376624344688932,0.4318171365496941,-0.06959263301293692,-0.2681320108503963,0.43746611399688673,-0.6265606245780039,-0.34777047210197964,0.3574138146650547,-1.0113302201815422,-0.6525476443300785,0.1057142857142858,-1.039608548559522,-0.9212812350650535,-0.2777777777777778,-0.8195145397740935,-1.0825688073394546,0.8023377670294236,0.17097278986778466,-0.39482389419496483,-0.16666666666666682,-0.9090909090909091,0.7,-1.0630841121495327,0.37932420528696886,-1.472215942075041,0.35110460264310195,-0.47625512657332236,-0.8831379025678546,-0.4162457884522513,0.14925373134328362,-0.4367678957227123,-0.08695294660100462,-0.5629242819843342,-0.32954085533120475,0.34,0.1,0.5,0.24
2016-04-01,0.36655035422425636,-0.8628285648731268,0.7324317404658993,0.4562847813089266,-0.05475225587892811,0.6434752348692484,0.46081466323871473,-0.6740129600890725,0.609914868215766,0.3781316436700153,-0.9617764931530968,0.6410424563739108,0.11428571428571428,-0.9160361713073248,0.2973670352818181,-0.11111111111111122,0.11859462201927885,0.5412844036697272,0.8555421201128577,0.17568693080999914,-0.04970012768379033,-0.5833333333333334,0.09090909090909093,1.0,-0.8099688473520247,0.2970862660246824,-1.33347517215491,0.14743268640531942,-0.527740065054445,-0.756879229998511,-0.016452282650206485,0.0,-0.5000669078899991,-0.393655527363243,-0.7049608355091384,-0.3822458065386518,0.37,0.01,0.5,0.36
2016-07-01,0.38330236703373066,-1.0831113904676555,-1.0563399383763978,0.475877293841696,-0.03754785058919475,-0.7612373761711515,0.4862094898298267,-0.7276167761328778,-0.3689061335525412,0.39267997832339824,-1.1163632522162694,-0.759773220094247,0.17857142857142858,-0.7962337012053583,-0.3158488166712695,-0.2777777777777778,-0.0772743238496665,-0.552331024152786,0.9086658605401048,0.09208360549172714,0.7248539215615478,0.08333333333333323,-0.45454545454545453,-0.125,-0.11045029736618533,0.32853269933036355,-1.2080585719679628,-0.0876497268049733,-0.5151110168293009,-0.5390931906624399,0.07355158328774451,0.049751243781094544,-0.2496026802520691,-0.6994991168583479,-0.7738903394255875,-0.39519719386607904,0.39,0.01,0.5,0.38
2016-10-01,0.4080754067159109,-0.49120525900860246,0.11835603307668874,0.49600637753146576,0.0063590096816149196,-0.7237342313385638,0.5055004634730748,-0.4579547526980233,-0.4720156754041307,0.41460669473508677,-0.5083067446446369,0.08631787911606259,0.16428571428571428,-0.39915804148134854,-0.49434271723163137,-0.22222222222222196,0.4445205479452072,-0.5412844036697243,0.9533252720677147,0.06200711406415374,-0.4237958574198783,-0.20833333333333334,-0.09090909090909088,-0.3333333333333334,0.17356475300400542,0.31814177834412305,-1.0079359382392976,-0.14016028662989513,-0.3461391599490828,-0.14401641437077203,0.607583833792947,-0.08955223880597003,-0.23543488360805773,-0.8266738226896956,-0.8114882506527415,-0.4509601115258353,0.4,0.0,0.5,0.4
2017-01-01,0.43642845274240566,0.10570129416677419,0.8201016032807875,0.5163194284750647,0.0646044247917528,0.24407783489305732,0.5399024083110342,-0.08515092170053702,0.23764488120885116,0.43890950018758573,0.014944754040504727,0.8935474113546488,0.22142857142857142,0.29767200852798786,1.1038155244874097,-0.33333333333333315,0.43688165905631815,0.0,0.9990326481257558,0.029689913891641332,0.10040487927676774,-0.29166666666666674,0.7272727272727273,-0.7857142857142861,0.5568535825545172,0.32601835301764304,-0.8042662331188102,-0.4805434975206367,-0.08093621835666338,0.23710062378390415,0.5568567468522521,0.47263681592039813,0.42398213841818405,0.10172591856460789,-0.9347258485639687,-0.4434051355848361,0.65,0.1099999999999999,0.5625,0.54
2017-04-01,0.4451141221431703,-0.13623422866679671,-0.33913293465763567,0.5279706878842231,-0.3865744798597927,-0.8003650833412271,0.5583538835545762,-0.1996019408930052,-0.31253015858960637,0.4503314018925339,-0.20019679853091343,0.023829853961224796,0.25428571428571445,0.4285688845277872,0.4969177205413981,-0.4999999999999998,-0.6303160533619828,0.0,1.0423216444981862,-0.047889649791255574,-0.03219327462456409,-0.16666666666666682,0.09090909090909093,0.5,-1.2149532710280373,0.4308512003010377,-0.24282132163446607,0.9306650904260881,-0.003182011030966652,0.34416119431045616,0.04129497674377857,0.39800995024875635,0.5486262481057214,0.06169255308110606,-1.103916449086162,-0.5563700139407294,0.9,0.1099999999999999,0.5625,0.79
2017-07-01,0.4458693977432365,-0.46283761928418266,-0.7132439679863167,0.5395912860844102,-0.6667428153787747,-0.9759604317978633,0.5748115500988157,-0.3895378069137953,-0.1507752724117596,0.45358289215890607,-0.45525060464363454,-0.6704108398034619,0.26142857142857157,0.10480052676035224,-0.4327090193499711,-0.5555555555555556,-0.3270072298325719,0.0,1.090608625554212,-0.08851078929585073,-0.09329287005396117,0.20833333333333334,-0.2727272727272727,0.0,0.0,0.43469113735685777,-0.32709254681196565,-0.5065891949261615,0.032909065195865415,0.363471854629279,0.1522796518596565,0.21890547263681626,0.21095897986662665,-0.2920202199844165,-0.8637075718015665,-0.5817331474569412,1.15,0.1099999999999998,0.5625,1.04
2017-10-01,0.4818658328424043,-0.2487897958178528,-0.5286023788212185,0.5632157475969276,-0.5612644336610866,0.8697172166905189,0.6070273011875403,-0.16194956591163087,-0.30731836520182754,0.4839301346450459,-0.2775093573752184,-0.24885239949680898,0.2814285714285717,0.2913877343539436,-0.31804244294975975,-0.6111111111111109,-0.6816699282452713,-0.6294004693834013,1.120757758968158,-0.19661955239577522,-0.2586198572898772,0.7916666666666665,-0.1818181818181818,0.25,0.030373831775700934,0.5119003839937056,-0.06372241747264687,1.2089173063204843,0.23272521566963747,0.3878115201597164,0.605511377273635,0.5820895522388063,0.9693595633949745,1.206560667503164,-0.9530026109660574,-0.6037235238566353,1.15,0.0,0.5625,1.15
2018-01-01,0.5155964411413727,-0.1542649034233751,0.9068784455087242,0.5889405019239907,-0.39333353225333695,1.4180606570565522,0.6517655700718819,0.0,-0.19023159781790774,0.5117762307724373,-0.2090867973227033,0.8545409952601781,0.3242857142857145,0.20303936533232306,0.5323118110917907,-0.7222222222222222,-0.7373943456718158,-0.6601029313045422,1.1627569528415962,-0.22751154603449458,-0.2653033678662079,0.24999999999999986,-0.6363636363636362,-0.18181818181818188,-0.48598130841121495,0.55431073557458,0.03931027936105955,-0.2220442330481814,0.47314382689860185,0.365662739210355,0.5707074279776085,0.3333333333333336,-0.21803816844398768,0.0,-1.0261096605744124,-0.5346944282052435,1.41,0.1099999999999998,0.625,1.3
2018-04-01,0.5362607815591911,0.07717824157094322,0.2263667521490679,0.6108019439206485,-0.06241996700832734,-0.5314975368252898,0.675393952113612,0.07815682898265511,-0.052354610671894855,0.535412063862604,0.05242596236535925,0.23814797982931127,0.3585714285714289,0.20401665822941242,0.18345761673961003,-0.7222222222222222,-0.20547945205479431,0.0,1.2239419588875453,-0.10551255018719659,-0.2685850841214647,-0.25000000000000006,0.0,0.37499999999999994,-1.8224299065420562,0.7142282923825563,0.19410823168415978,1.0844852642100398,0.598585772875119,0.4042849139321911,0.08488700560220173,0.48756218905472637,0.08640811473351609,-0.4661431715148097,-1.1697127937336815,-0.62643342177452,1.69,0.1799999999999999,0.625,1.51
2018-10-01,0.5747043096025739,0.09240820899496555,0.11707363754792803,0.6458630363795237,-0.09333960517830155,0.18124714074502501,0.7181908809486331,-0.07139022763452631,0.2908727623457152,0.5699695693859685,0.05828086014524403,-0.05772015606321777,0.4200000000000001,0.3751975523593496,0.17165888536660495,-0.8333333333333334,-0.2451619917373349,0.7314654103644941,1.3125352680370819,-0.04279927570280573,-0.19513255475295224,-0.8750000000000001,0.7272727272727273,5.5,-1.6705607476635513,0.763369224059044,0.09258962296089913,-0.41194043130128216,0.24227124876254746,-0.08159962366680083,-0.8890722871032505,0.47761194029850734,-0.16896985886415863,-0.2552700248920742,-1.2584856396866841,-0.8825381121554167,2.19,0.24,0.625,1.95
2019-01-01,0.5715170465702937,-0.6347981813976072,-1.184803881743538,0.6742093240736482,-0.02569189995583924,0.7505595841051446,0.7184532241985413,-0.8902558535468627,-0.283052787084418,0.5721789153361956,-0.5039366830279683,-1.0707611884861632,0.3414285714285715,-0.2511199641014048,-1.4276679845701108,-0.7222222222222222,0.6278538812785398,0.6939543636791404,1.3558242644095122,-0.03853378892196343,0.20925157277152254,-0.08333333333333341,0.3636363636363636,-0.875,-0.21261682242990654,0.7146302457046588,-0.17720376644151833,-0.9762609990936114,-0.1708810634987941,-0.6142245203119022,-1.0079221274945669,0.10945273631840813,-0.3385356606508507,-1.388056220530943,-1.156657963446475,-0.7145748077528443,2.4,0.1299999999999999,0.6875,2.27
2019-04-01,0.6118789746378455,-0.2633957673084724,0.7031443835573592,0.6930812981955877,-0.13808366231704725,-0.2922040377800408,0.7543767598859681,-0.6877110121671954,-0.1446419373505232,0.6018591854600025,-0.38221468070139175,0.4366141993553543,0.38428571428571434,-0.20923426161732234,0.3456292827878807,-0.8888888888888887,-0.05964611872146036,-0.7122163206180577,1.399355098750504,-0.168090015408098,0.4211260156948413,0.2916666666666666,-0.1818181818181818,0.1666666666666667,0.037967289719626166,0.6218388936876222,-0.9103190535084776,-0.8466852964003111,-0.45457502474897127,-0.9461206616189969,-0.6208958973476119,0.4079601990049754,-0.13877548362881942,-0.2000604777389415,-1.2924281984334203,-0.8162072221972388,2.42,0.0099999999999997,0.6875,2.41
2019-07-01,0.6204740109666017,-0.38955250498099747,0.10398949988003857,0.712750463750785,-0.043206034305655394,0.1164729123871639,0.7904052328733581,-0.4913389989047416,0.6388435084389467,0.612780857893201,-0.48393971445147305,-0.23587106902471422,0.36428571428571427,-0.5905333760365781,-0.15285174885810832,-0.8888888888888887,0.38662581110310235,0.7517838939857349,1.4261185006045949,-0.3208037384531929,-0.5199201302881157,0.8749999999999999,0.5454545454545455,0.75,2.7336448598130842,0.5988249279477293,-0.9765538166230546,-0.8210429998221077,-0.6438622542780338,-1.0303841444780222,-0.3982017424873396,0.467661691542289,-0.0007431149961740226,0.08157405822512069,-1.3054830287206267,-0.848135989566938,2.4,0.02,0.6875,2.38
2019-10-01,0.6409117687043999,-0.45641847464064134,0.31834686800060985,0.7386591853316777,0.17637155368459412,0.2564913509573557,0.8116375465659267,-0.4642376425820982,-0.4101898315825704,0.6250781608237109,-0.6335900526851527,-0.03714908561685105,0.33428571428571435,-0.7582619228942958,-0.26296050675300425,-0.9444444444444444,0.14539774092766275,0.7732634338138986,1.4683595324465941,-0.31215123761400854,-0.47843330139987317,0.04166666666666652,0.0,0.13636363636363633,-0.3037383177570093,0.5630852910740707,-1.2165322591493726,-1.1975465208940872,-0.6393508697496735,-0.8101834036147412,0.25304300443558253,0.3233830845771145,-0.2375671058179413,0.529628618262536,-1.2663185378590078,-0.859378513288663,1.83,-0.2099999999999999,0.6875,2.04
2020-01-01,0.667361520218728,0.10705589004555374,-0.40804972314164495,0.7651504698830268,0.09602380726196555,0.59845423271131,0.8513213355020373,0.20969868436117994,0.30220093310723034,0.6460044186919003,-0.23834924459461806,-0.35313573348031513,0.3442857142857146,-0.32361969968068555,-0.20734907241216996,-0.9444444444444444,-0.2888127853881275,0.0,1.5156791616283756,-0.2882975550513244,0.17330117263055517,-3.4166666666666665,-0.1818181818181818,0.07142857142857145,0.15186915887850466,0.5416534820275548,-1.1413814173681975,-0.90129615472546,-0.5166595955310396,-0.37375663565139683,0.15776329718564647,0.5373134328358209,0.5772065766818056,0.14091347376657368,-1.2428198433420365,-0.6896164050906147,1.55,0.0,0.75,1.55
2020-04-01,0.6253681968550321,-1.4584905660453313,-4.084175109402394,0.7513222646368942,-0.9562804584917509,-6.599240811056866,0.3948615702117983,-8.121688067198988,-29.22233054294486,0.620909583559131,-1.3995601585765358,-2.721275807859212,0.1471428571428573,-1.5150808536224352,-4.7573083289799705,5.277777777777779,28.12785388127857,63.96997497914951,-0.22748891575977429,-12.526869936013385,-88.81387420901275,-12.833333333333334,-13.454545454545453,-72.5,0.9679572763684914,-0.8828006739132279,-5.005531346258679,-15.426090579671762,-4.5497666525243705,-3.4707021435201253,-23.872282439299365,-0.8557213930348263,-1.7271477105360038,-3.801062934770636,45.21932114882507,13.003552637496066,0.05,-0.6,0.75,0.65
2020-07-01,0.6598389752420661,-0.9742281645367971,1.4060790954175098,0.7754986279108981,-0.8228292707830541,3.7700313147294326,0.7567903177851232,-2.6208468493408392,3.787475503012817,0.6520488557255406,-0.9770100450778141,0.5956054795626813,0.25428571428571445,-0.8878119139882575,0.6729830435201803,2.7222222222222223,16.731457484882156,-1.9683069224353706,0.4834340991535671,-7.827806620474713,6.552564179624076,13.541666666666668,1.1818181818181817,0.8888888888888888,0.1117198410140724,0.0,-2.385242436285735,3.9503798491318856,-1.3689930702870818,-0.6897462381742193,7.608632551320425,-0.82089552238806,-1.7394239645399736,-1.377668335679361,10.966057441253264,12.58173314745694,0.09,0.0099999999999999,0.75,0.08
2020-10-01,0.6876482228365135,-0.8407181710346017,-0.37536068865956834,0.8047340906651942,-0.7309965232654879,-0.5193851330055973,0.830631197859279,-1.7493925633509466,-0.009874423852700136,0.6746425444995621,-0.7642469585000212,-0.5799928007401368,0.30428571428571444,-0.48954505862143616,0.19431640754276314,0.8333333333333334,8.776002029426694,-3.469771818395684,0.7456670697299476,-6.307615767119807,2.1676900209622003,0.7083333333333335,-0.5454545454545454,-0.5,-0.0911214953271028,0.1301559065757854,-1.9084170587082225,0.5395917962159931,-0.5159595531042247,0.01274487080843033,1.7585877024553354,-0.35820895522388085,-0.963416499164813,0.385857123550224,4.82402088772846,4.764491613077303,0.09,0.0,0.75,0.09
2021-01-01,0.7219226295675288,-0.7017588472715488,-0.04041247464063396,0.8222416409879042,-1.024766203058827,-1.6119513413795026,0.8928065480875176,-1.3892538673979036,3.3931414880080695,0.715369544374505,-0.3575625744564598,0.8406395051447251,0.4228571428571432,0.05745589055007318,2.012645726448492,0.6111111111111115,7.757483510908177,-1.2118307544844633,0.7797662232970577,-6.378287823445095,0.9026462788264883,1.2083333333333333,3.2727272727272725,19.5,2.6323987538940807,0.32582165245576433,-1.2766151960355778,0.492941447365886,0.2403620421439715,0.5362019522778854,1.7742448616143567,-0.4975124378109454,-1.3843601716280367,-0.3756009840243774,5.162402088772846,2.1321221387777127,0.09,0.0,0.8125,0.09
2021-04-01,0.7858793673811576,1.2918467568062535,2.021144136485905,0.8719587913351423,0.9708451566824158,6.082090705358093,1.0385819472864963,10.609944049936708,2.337216485209989,0.7799408062028431,1.5257897088061172,1.692582060983147,0.6100000000000002,2.164980888765181,1.126599221052434,0.44444444444444436,-4.7606596322349795,0.0,0.9149536477226925,7.646661415018735,0.5259106640732697,1.5416666666666667,0.6363636363636362,-0.034482758620689606,0.055225148683092626,0.28461716084119426,3.440396765786167,-0.05757037470670129,0.8577428935086927,4.6520420456913865,1.276168182856009,-0.03482587064676632,1.4552783646012508,0.8337677615918726,2.6684073107049606,1.0918739038539371,0.07,0.0,0.8125,0.07
2021-07-01,0.865062461292126,2.0946338701660676,1.1794636580676208,0.9477992917260728,2.5565992222019527,1.7316224854450442,1.092537209017612,3.590942144274456,-0.2539892625395644,0.8484305306598859,2.2774809718517233,1.349646193951264,0.8092857142857144,2.546632508918087,1.0597229410591646,0.05555555555555586,-3.6858716089175423,-2.293577981651384,1.0897218863361549,3.1035390482487117,3.2650068080451833,0.33333333333333326,-1.6363636363636362,-0.46875,-0.8283772302463889,0.4330063542833687,0.7054059805749677,0.26238520127995796,0.8844717861688568,1.7957809614553035,-0.23115026198060928,-0.38805970149253727,0.7437516556267327,-0.9539722995242854,0.4,0.384404371093223,0.1,0.02,0.8125,0.08
2021-10-01,0.932130934578028,2.790725932034555,2.989393568459954,0.9939597418326199,3.041675440353385,4.822209608384476,1.174825541738811,3.567019977962918,2.3980545018746287,0.9095418733586227,3.0520135778016493,2.0088237630886443,0.9323571428571431,2.868280600024849,1.8862999561121903,-0.44444444444444436,-2.4726363147998947,-1.1516689439781436,1.2352277307537283,2.15623716372922,2.8653249893783834,1.9583333333333335,1.1818181818181817,-2.666666666666667,1.61993769470405,0.45758537231995544,0.3599456206817958,1.3561970455765098,0.7780511950219136,0.979962195711049,-0.20056638983410874,-0.8606965174129354,-0.8339244557514558,-0.25774119457905736,-0.5044386422976501,-0.1901335611818141,0.08,0.0,0.8125,0.08
2022-01-01,1.0220993640579445,3.7686350602333767,1.4765647086807099,1.0734949179046123,4.9258045421461585,3.577293761100967,1.23145670461899,3.345786149033365,0.7839399540986405,0.9943724206928173,3.9098714625062687,1.3945740104243454,1.0179000000000002,2.576560914329029,1.9845832690750547,-0.7222222222222222,-2.809646118721463,0.6939543636791404,1.3519548569125353,2.7419841370727176,0.17927836988519463,-1.5416666666666667,1.3636363636363635,0.23076923076923075,-1.3668224299065421,0.5311684868595477,-0.029494424436798127,-0.19742552390064055,0.6694385518314196,0.26139977696001854,-0.4117493962475137,-1.0845771144278609,-1.0017230837091484,-0.9117471029847634,-1.0120104438642297,-0.7783424023024689,0.08,0.0,0.875,0.08
2022-04-01,1.118381897554418,4.262463140786762,0.8895671206216141,1.1302794769197744,5.049091798587751,3.109686016924928,1.3147069625898524,2.116339423301782,0.8841352619620408,1.0806202842969694,4.264910539670984,0.5657646866476729,1.2872857142857146,2.7799537757002426,1.8925931724556475,-0.8888888888888887,-2.9787034957706426,0.7517838939857349,1.4831922611850061,2.6659251787927,0.2576236839485043,-1.0000000000000002,0.9999999999999998,0.7,0.4049844236760124,0.6755124904856793,0.5327661735436705,0.03645416151035917,0.3182152453684008,-0.5267045581028375,-1.15312433504897,-1.18407960199005,-1.7290351893078095,1.9735419831621028,-1.256396866840731,-1.0294554121509196,0.33,0.13,0.875,0.2
2022-07-01,1.2122324436186762,4.405783649480337,-0.8750449849390461,1.199880421285011,4.723243684822149,1.7161242497824687,1.358465816674537,1.885507958924225,-0.9169717850664829,1.156363333194381,4.317823781473817,-0.7178393556002348,1.3867714285714288,2.160553296417362,-3.5443599486137134,-1.0,-2.5974547606967717,-0.7517838939857319,1.5957275292220878,2.168755399549543,2.027539463918139,0.0,-0.9090909090909091,0.23333333333333328,-0.6074766355140186,0.6881782962310461,0.1103605713896331,0.03485367945472298,-0.23995191627775783,-1.0004356016023284,-1.3085876321409107,-1.8656716417910453,-2.4039528564910735,0.6349441431474624,-1.191644908616188,-1.0647119665422493,1.68,0.47,0.875,1.21
2022-10-01,1.2558269512545128,3.9005272502269195,1.2711375324493934,1.2657406981557278,5.2248681140222315,1.6108918037831734,1.4200640117529777,1.4757431287683758,0.6390982709216964,1.2075951477760642,4.043167639616652,1.13884102002009,1.2837285714285713,1.1277746922196479,-1.5542745813870182,-0.9444444444444444,-1.2054794520547951,0.7732634338138986,1.6649738008867392,1.5962036297382682,0.6167128576879206,0.2916666666666666,0.9090909090909091,0.40625,-2.632398753894081,0.7218483011057987,0.13504421142603668,-0.317944529432168,-0.5772380144251088,-1.1891233886366266,-0.6853147895256086,-1.4477611940298512,-1.1002665095110968,0.48027827115349,-1.3650130548302872,-1.042766560237442,3.08,0.52,0.875,2.56
2023-01-01,1.2934849926738268,2.8943138136885156,1.2839944422024145,1.3172208680188255,4.265572839293397,2.289463256970193,1.4863494062297777,1.5450561835997796,3.8000602646679495,1.2541164700487724,3.200297133366127,1.4648208884550802,1.2146714285714284,0.4628974521972481,0.6307170467031266,-1.0555555555555556,-0.7471461187214614,-0.7732634338138956,1.73559048770657,1.2504254595829623,1.117287539924679,0.04166666666666652,3.454545454545454,1.1388888888888888,-2.4906542056074765,0.6622736874513598,-0.26149594847034474,0.8187614828207856,-0.6986918399094852,-1.2012336244221804,-0.09672300694832646,-1.199004975124378,-0.2556203204068842,1.7289717915967104,-1.3655352480417755,-0.868372532266043,4.33,0.2300000000000004,0.9375,4.1
2023-04-01,1.3339073427893837,1.8654781009140606,0.9131409768252065,1.37593708319919,4.2307422195910505,2.693613916546125,1.5149448204697693,0.6944373442339243,0.8434411320936237,1.2942598691066738,2.238714293799751,0.736626287359279,1.1672571428571432,-0.7918395506073154,-0.4418999665969355,-1.0555555555555556,-0.1153893619647046,-0.7732634338138956,1.7929060862555422,0.7193952487307409,0.2538964964222501,-0.1250000000000001,0.3636363636363636,0.25,-0.3865760407816482,0.7030249125537724,-0.5661525449231714,0.237817030901984,-0.6349667656625624,-0.8678539717541188,0.3150991548917626,-1.2587064676616917,-0.1829153601891582,0.5838754286871367,-1.22088772845953,-0.774205153572874,4.83,0.1799999999999997,0.9375,4.65
2023-07-01,1.3580157399435053,0.6569376996834088,0.0,1.412822517591868,3.19973696924333,0.32501839284283457,1.5519876873568041,0.5644063679052801,0.5704981690007024,1.3204385343282337,1.2535013055364739,-0.2268939833003363,1.1233571428571432,-1.308503003966676,-0.38616331728091874,-1.0,0.6278538812785398,-0.7517838939857319,1.8515114873035066,0.3367691987663812,-0.1424841873825365,0.7083333333333335,0.0,-0.2142857142857143,0.6074766355140186,0.6900341232713865,-0.6400543793182042,0.5554968926874692,-0.41218356668080536,-0.231179022018363,0.5655658116471333,-0.8706467661691545,2.4826326057983947,2.2914358520267295,-1.0140992167101828,-0.7195215181904033,5.12,0.04,0.9375,5.08
2023-10-01,1.4018670412833645,0.638119023803424,-0.5221078268083607,1.4503058455594897,2.3246708106731133,0.4535281717434798,1.5902898018433984,0.20322979385746265,-0.28409406962273853,1.3547459252157241,0.9100184687050378,-0.7113843300355456,1.1427428571428575,-0.8715786804976854,-1.9842378254556008,-0.8333333333333334,1.1371131405377999,0.0,1.901571946795647,0.19858419231133498,-0.22416811995071226,0.20833333333333334,-0.45454545454545453,-0.07692307692307679,-0.15186915887850466,0.6477777112606801,-0.8576067758604664,-1.0313443362464503,-0.2712699759581349,0.1636672239867483,0.2681888118561489,-1.2537313432835826,0.38805971723632743,-1.1262297717976415,-1.2845953002610966,-0.6833205918064487,5.33,0.0,0.9375,5.33
2024-01-01,1.4344043141342278,0.536900503220589,0.4120488426157205,1.4970335280320097,2.137100356115107,1.9522633058749745,1.6320898263287684,-0.1624426123886075,-0.6269922531052783,1.3836758514319059,0.5637100432976452,1.0664510262709421,1.0872285714285717,-0.8292848597064442,0.2664647905515242,-0.8888888888888887,1.4366774106903066,0.0,1.9602579604997985,0.11011567510989427,0.14782150495534985,-0.45833333333333337,-1.2727272727272727,-0.13414634146341464,-1.6705607476635513,0.554122587211043,-0.9573494833129816,-1.5042910795029933,-0.04516334323291893,0.4520799862523908,0.7149934911321352,-0.4975124378109454,1.3739704188920479,2.68171337537122,-1.2950391644908616,-0.7116517515851959,5.33,0.0,1.0,5.33
